timestamp,outcome,map,gametype,time,match_id,id,player_num,team,credit,damage,healing,kills,deaths,assists,name,objective,shielding,streak
2018-06-22T15:45:02Z,VICTORY,JAGUAR FALLS,SIEGE,10:37,ID 250785254,1,0,blue,"2,542",46112,NA,15,1,7,YHOckami,NA,NA,14
2018-06-22T15:45:02Z,VICTORY,JAGUAR FALLS,SIEGE,10:37,ID 250785254,1,1,blue,"2,527",42050,NA,1,4,16,BLACKHOOF,57,NA,11
2018-06-22T15:45:02Z,VICTORY,JAGUAR FALLS,SIEGE,10:37,ID 250785254,1,2,blue,"2,233",22799,NA,1,4,15,Xenasito,133,"18,085",NA
2018-06-22T15:45:02Z,VICTORY,JAGUAR FALLS,SIEGE,10:37,ID 250785254,1,3,blue,"2,739",61361,NA,16,4,14,rampje,NA,NA,1
2018-06-22T15:45:02Z,VICTORY,JAGUAR FALLS,SIEGE,10:37,ID 250785254,1,4,blue,2.134,9870,44046,2,4,10,ArbyTheSpartan,53,NA,NA
2018-06-22T15:45:02Z,VICTORY,JAGUAR FALLS,SIEGE,10:37,ID 250785254,1,5,red,1.949,44368,NA,5,9,3,Nopietnais,13,NA,NA
2018-06-22T15:45:02Z,VICTORY,JAGUAR FALLS,SIEGE,10:37,ID 250785254,1,6,red,1.668,16154,NA,1,8,4,Cawkaable,47,"47,239",NA
2018-06-22T15:45:02Z,VICTORY,JAGUAR FALLS,SIEGE,10:37,ID 250785254,1,7,red,2438,31322,NA,5,11,4,Zesto,23,NA,NA
2018-06-22T15:45:02Z,VICTORY,JAGUAR FALLS,SIEGE,10:37,ID 250785254,1,8,red,"2,043",28983,NA,6,9,3,c4té32,25,NA,NA
2018-06-22T15:45:02Z,VICTORY,JAGUAR FALLS,SIEGE,10:37,ID 250785254,1,9,red,"1,547",17,19082,0,8,4,W Rubsnulters,49,NA,NA
2018-06-22T16:01:10Z,VICTORY,SPLITSTONE QUARRY,SIEGE,10:29,ID 25079479,2,0,blue,"2,591",37042,NA,9,5,7,MeisterOfKill,NA,NA,NA
2018-06-22T16:01:10Z,VICTORY,SPLITSTONE QUARRY,SIEGE,10:29,ID 25079479,2,1,blue,"3,221",68559,NA,13,4,12,rampje,105,NA,11
2018-06-22T16:01:10Z,VICTORY,SPLITSTONE QUARRY,SIEGE,10:29,ID 25079479,2,2,blue,"2,676",22707,3637,5,5,5,B74ckSh4dOw,222,"8,692",NA
2018-06-22T16:01:10Z,VICTORY,SPLITSTONE QUARRY,SIEGE,10:29,ID 25079479,2,3,blue,"3,259",26563,NA,9,4,12,Onelonel2,39,NA,NA
2018-06-22T16:01:10Z,VICTORY,SPLITSTONE QUARRY,SIEGE,10:29,ID 25079479,2,4,blue,"2,875",21538,64193,2,3,23,Vicieuxx,77,NA,15
2018-06-22T16:01:10Z,VICTORY,SPLITSTONE QUARRY,SIEGE,10:29,ID 25079479,2,5,red,1615,32320,29932,5,6,4,bubberduce,12,NA,NA
2018-06-22T16:01:10Z,VICTORY,SPLITSTONE QUARRY,SIEGE,10:29,ID 25079479,2,6,red,1816,49015,NA,7,8,7,NA,NA,NA,NA
2018-06-22T16:01:10Z,VICTORY,SPLITSTONE QUARRY,SIEGE,10:29,ID 25079479,2,7,red,"1,384",32457,NA,2,7,3,xISAYx,NA,NA,NA
2018-06-22T16:01:10Z,VICTORY,SPLITSTONE QUARRY,SIEGE,10:29,ID 25079479,2,8,red,1.633,39633,NA,5,10,5,Mortaxz,18,NA,NA
2018-06-22T16:01:10Z,VICTORY,SPLITSTONE QUARRY,SIEGE,10:29,ID 25079479,2,9,red,"1,287",12526,1560,2,7,0,Bigcupp,48,"11,501",NA
2018-06-22T16:18:43Z,DEFEAT,SERPENT BEACH,SIEGE,1337,ID 250798902,3,0,blue,"2,906",95173,NA,14,8,9,Truesnowy,36,NA,15
2018-06-22T16:18:43Z,DEFEAT,SERPENT BEACH,SIEGE,1337,ID 250798902,3,1,blue,"2,916",88228,NA,NA,10,8,rampje,57,NA,NA
2018-06-22T16:18:43Z,DEFEAT,SERPENT BEACH,SIEGE,1337,ID 250798902,3,2,blue,"2,831",42488,NA,3,7,10,euhedral,190,"70,837",NA
2018-06-22T16:18:43Z,DEFEAT,SERPENT BEACH,SIEGE,1337,ID 250798902,3,3,blue,2128,35895,NA,3,8,11,Scharlachrott,56,NA,NA
2018-06-22T16:18:43Z,DEFEAT,SERPENT BEACH,SIEGE,1337,ID 250798902,3,4,blue,"2,895",42358,78775,4,5,20,W vagynacream,100,NA,13
2018-06-22T16:18:43Z,DEFEAT,SERPENT BEACH,SIEGE,1337,ID 250798902,3,5,red,"3,084",55406,NA,15,9,8,'W abominomas,29,NA,NA
2018-06-22T16:18:43Z,DEFEAT,SERPENT BEACH,SIEGE,1337,ID 250798902,3,6,red,"3,219",77,NA,13,7,9,Vicieuxx,72,NA,NA
2018-06-22T16:18:43Z,DEFEAT,SERPENT BEACH,SIEGE,1337,ID 250798902,3,7,red,"3,266",49281,NA,3,6,14,FluffyMoose,236,"60,508",NA
2018-06-22T16:18:43Z,DEFEAT,SERPENT BEACH,SIEGE,1337,ID 250798902,3,8,red,2.919,36857,NA,1,8,12,Beatsmeat,207,"65,569",NA
2018-06-22T16:18:43Z,DEFEAT,SERPENT BEACH,SIEGE,1337,ID 250798902,3,9,red,"3,749",43057,96038,6,5,24,TalasAmaruil,52,NA,17
2018-06-22T16:35:28Z,DEFEAT,FROZEN GUARD,SIEGE,1231,iD 250804174,4,0,blue,1717,19521,NA,4,9,5,lukrowyy,152,"45,637",NA
2018-06-22T16:35:28Z,DEFEAT,FROZEN GUARD,SIEGE,1231,iD 250804174,4,1,blue,"2,754",69253,NA,10,9,8,rampje,69,NA,NA
2018-06-22T16:35:28Z,DEFEAT,FROZEN GUARD,SIEGE,1231,iD 250804174,4,2,blue,"2,955",76372,NA,17,7,10,AMELT,22,NA,10
2018-06-22T16:35:28Z,DEFEAT,FROZEN GUARD,SIEGE,1231,iD 250804174,4,3,blue,"2,508",329094,50365,4,5,17,Dez105,51,NA,NA
2018-06-22T16:35:28Z,DEFEAT,FROZEN GUARD,SIEGE,1231,iD 250804174,4,4,blue,"2,213",34648,NA,6,10,9,¥ CamexXD,61,NA,NA
2018-06-22T16:35:28Z,DEFEAT,FROZEN GUARD,SIEGE,1231,iD 250804174,4,5,red,"2,299",25960,NA,5,8,6,ZombyRock,A4,NA,NA
2018-06-22T16:35:28Z,DEFEAT,FROZEN GUARD,SIEGE,1231,iD 250804174,4,6,red,"3,197",43450,NA,6,7,14,¥ Wyrrii,256,"57,744",NA
2018-06-22T16:35:28Z,DEFEAT,FROZEN GUARD,SIEGE,1231,iD 250804174,4,7,red,"2,728",43054,NA,5,10,13,W RetlikNace,68,"24,568",NA
2018-06-22T16:35:28Z,DEFEAT,FROZEN GUARD,SIEGE,1231,iD 250804174,4,8,red,"3,401",68118,65507,10,9,16,Aceaus,85,NA,NA
2018-06-22T16:35:28Z,DEFEAT,FROZEN GUARD,SIEGE,1231,iD 250804174,4,9,red,"3,028",47076,NA,14,7,7,"W""Senshuon",16,NA,NA
2018-06-22T18:10:30Z,DEFEAT,MAGISTRATE'S ARCHIVES (ONSLAUGHT},DEATHMATCH,10.01,ID 250830722,5,0,blue,"3,966",26163,36329,1,10,16,meatbeat2,89,NA,NA
2018-06-22T18:10:30Z,DEFEAT,MAGISTRATE'S ARCHIVES (ONSLAUGHT},DEATHMATCH,10.01,ID 250830722,5,1,blue,"4,200",41123,NA,NA,9,NA,CinderandSmoke,125,"37,850",NA
2018-06-22T18:10:30Z,DEFEAT,MAGISTRATE'S ARCHIVES (ONSLAUGHT},DEATHMATCH,10.01,ID 250830722,5,2,blue,"4,615",76815,NA,14,9,14,rampje,70,NA,NA
2018-06-22T18:10:30Z,DEFEAT,MAGISTRATE'S ARCHIVES (ONSLAUGHT},DEATHMATCH,10.01,ID 250830722,5,3,blue,"3,770",45140,NA,6,3,20,Ivonile,NA,NA,15
2018-06-22T18:10:30Z,DEFEAT,MAGISTRATE'S ARCHIVES (ONSLAUGHT},DEATHMATCH,10.01,ID 250830722,5,4,blue,841,43586,NA,13,10,6,GHuddmk2,26,NA,NA
2018-06-22T18:10:30Z,DEFEAT,MAGISTRATE'S ARCHIVES (ONSLAUGHT},DEATHMATCH,10.01,ID 250830722,5,5,red,"4,151",16922,NA,2,7,3,DEATH2WISH,204,"71,920",NA
2018-06-22T18:10:30Z,DEFEAT,MAGISTRATE'S ARCHIVES (ONSLAUGHT},DEATHMATCH,10.01,ID 250830722,5,6,red,"3,636",26551,21746,3,12,8,W Bookwface,69,NA,NA
2018-06-22T18:10:30Z,DEFEAT,MAGISTRATE'S ARCHIVES (ONSLAUGHT},DEATHMATCH,10.01,ID 250830722,5,7,red,"4,171",54218,NA,10,8,8,Whitty,51,NA,NA
2018-06-22T18:10:30Z,DEFEAT,MAGISTRATE'S ARCHIVES (ONSLAUGHT},DEATHMATCH,10.01,ID 250830722,5,8,red,"4,249",36451,NA,10,6,4,EvilHoboXD,156,NA,NA
2018-06-22T18:10:30Z,DEFEAT,MAGISTRATE'S ARCHIVES (ONSLAUGHT},DEATHMATCH,10.01,ID 250830722,5,9,red,"4,864",88116,NA,16,7,11,NA,46,NA,10
2018-06-22T18:27:56Z,DEFEAT,FOREMAN'S RISE,DEATHMATCH,10:33,ID 250834844,6,0,blue,"4,246",51618,NA,6,12,13,MrMeSecks,108,NA,NA
2018-06-22T18:27:56Z,DEFEAT,FOREMAN'S RISE,DEATHMATCH,10:33,ID 250834844,6,1,blue,"4,244",41030,NA,9,14,5,¥ veitick,97,NA,NA
2018-06-22T18:27:56Z,DEFEAT,FOREMAN'S RISE,DEATHMATCH,10:33,ID 250834844,6,2,blue,"4,714",33235,NA,8,9,10,ceropuntoo,201,"19,293",NA
2018-06-22T18:27:56Z,DEFEAT,FOREMAN'S RISE,DEATHMATCH,10:33,ID 250834844,6,3,blue,"4,222",24272,22517,6,7,8,Donramonnn,148,NA,NA
2018-06-22T18:27:56Z,DEFEAT,FOREMAN'S RISE,DEATHMATCH,10:33,ID 250834844,6,4,blue,"4,937",75571,NA,16,10,8,rampje,88,NA,NA
2018-06-22T18:27:56Z,DEFEAT,FOREMAN'S RISE,DEATHMATCH,10:33,ID 250834844,6,5,red,"4,140",31798,NA,NA,NA,NA,th3rmyte,116,NA,NA
2018-06-22T18:27:56Z,DEFEAT,FOREMAN'S RISE,DEATHMATCH,10:33,ID 250834844,6,6,red,4.746,29722,NA,18,7,5,'W DiamondTrashy,154,NA,NA
2018-06-22T18:27:56Z,DEFEAT,FOREMAN'S RISE,DEATHMATCH,10:33,ID 250834844,6,7,red,"2,855",11781,17367,2,13,3,Pentatope,156,NA,NA
2018-06-22T18:27:56Z,DEFEAT,FOREMAN'S RISE,DEATHMATCH,10:33,ID 250834844,6,8,red,"4,481",47944,20285,9,7,15,Biskar,104,NA,NA
2018-06-22T18:27:56Z,DEFEAT,FOREMAN'S RISE,DEATHMATCH,10:33,ID 250834844,6,9,red,"4,779",61750,NA,15,7,9,aRandomBirda,83,NA,NA
2018-06-22T18:45:55Z,DEFEAT,JAGUAR FALLS,SIEGE,10:59,ID 250838907,7,0,blue,"1,877",38947,NA,4,1,4,RudyMaster2],NA,NA,NA
2018-06-22T18:45:55Z,DEFEAT,JAGUAR FALLS,SIEGE,10:59,ID 250838907,7,1,blue,"2,078",54000,NA,7,9,1,rampje,19,NA,NA
2018-06-22T18:45:55Z,DEFEAT,JAGUAR FALLS,SIEGE,10:59,ID 250838907,7,2,blue,"1,979",25219,53615,1,5,7,SkiaDraco,57,NA,NA
2018-06-22T18:45:55Z,DEFEAT,JAGUAR FALLS,SIEGE,10:59,ID 250838907,7,3,blue,"2,149",15807,NA,3,9,2,Aldarant,151,"14,440",NA
2018-06-22T18:45:55Z,DEFEAT,JAGUAR FALLS,SIEGE,10:59,ID 250838907,7,4,blue,1363,2538,NA,NA,6,2,DarkAngel61,54,NA,NA
2018-06-22T18:45:55Z,DEFEAT,JAGUAR FALLS,SIEGE,10:59,ID 250838907,7,5,red,"2,196",31256,NA,1,4,12,SteadySlaying,80,"30,612",NA
2018-06-22T18:45:55Z,DEFEAT,JAGUAR FALLS,SIEGE,10:59,ID 250838907,7,6,red,"2,502",49329,NA,4,1,19,CherrySammy,78,NA,23
2018-06-22T18:45:55Z,DEFEAT,JAGUAR FALLS,SIEGE,10:59,ID 250838907,7,7,red,"2,769",27847,46244,4,1,23,W KingPorky,122,"33,271",27
2018-06-22T18:45:55Z,DEFEAT,JAGUAR FALLS,SIEGE,10:59,ID 250838907,7,8,red,2.469,37005,NA,12,6,7,SmiakA,80,NA,12
2018-06-22T18:45:55Z,DEFEAT,JAGUAR FALLS,SIEGE,10:59,ID 250838907,7,9,red,"3,041",76882,NA,19,4,10,NA,A4,NA,12
2018-06-22T19:18:41Z,DEFEAT,BRIGHTMARSH,SIEGE,16.51,ID 250844944,8,0,blue,"3,647",46350,NA,4,14,6,rambol3,302,"87,917",NA
2018-06-22T19:18:41Z,DEFEAT,BRIGHTMARSH,SIEGE,16.51,ID 250844944,8,1,blue,"3,765",43110,77226,6,15,27,Noblenote,103,NA,NA
2018-06-22T19:18:41Z,DEFEAT,BRIGHTMARSH,SIEGE,16.51,ID 250844944,8,2,blue,"4,233",50809,NA,9,13,18,Lucashs,30,NA,13
2018-06-22T19:18:41Z,DEFEAT,BRIGHTMARSH,SIEGE,16.51,ID 250844944,8,3,blue,"4,132",111346,NA,20,19,16,rampje,63,NA,11
2018-06-22T19:18:41Z,DEFEAT,BRIGHTMARSH,SIEGE,16.51,ID 250844944,8,4,blue,"3,662",76299,NA,17,16,1,Stonerman69,74,NA,NA
2018-06-22T19:18:41Z,DEFEAT,BRIGHTMARSH,SIEGE,16.51,ID 250844944,8,5,red,"3,013",39972,NA,5,10,21,FAKERGAMING,99,NA,14
2018-06-22T19:18:41Z,DEFEAT,BRIGHTMARSH,SIEGE,16.51,ID 250844944,8,6,red,"3,724",61480,NA,5,10,21,danifer49,240,"68,445",16
2018-06-22T19:18:41Z,DEFEAT,BRIGHTMARSH,SIEGE,16.51,ID 250844944,8,7,red,"4,334",95890,NA,23,1,21,SilverWolf8,72,NA,22
2018-06-22T19:18:41Z,DEFEAT,BRIGHTMARSH,SIEGE,16.51,ID 250844944,8,8,red,"4,002",55442,97564,7,1,32,CathyJustCathy,120,"12,972",20
2018-06-22T19:18:41Z,DEFEAT,BRIGHTMARSH,SIEGE,16.51,ID 250844944,8,9,red,"4,919",122422,NA,37,14,15,NA,31,NA,10
2018-06-22T20:28:10Z,VICTORY,STONE KEEP,SIEGE,15:36,ID 250859436,9,0,blue,"3,014",22823,59029,6,9,25,Whippity,50,NA,NA
2018-06-22T20:28:10Z,VICTORY,STONE KEEP,SIEGE,15:36,ID 250859436,9,1,blue,"2,926",44856,NA,12,16,1,Froggerbobber99,60,NA,NA
2018-06-22T20:28:10Z,VICTORY,STONE KEEP,SIEGE,15:36,ID 250859436,9,2,blue,3432,64829,NA,10,10,1,lamShqdows,121,"118,504",NA
2018-06-22T20:28:10Z,VICTORY,STONE KEEP,SIEGE,15:36,ID 250859436,9,3,blue,2402,36632,NA,9,12,5,ihasbadname,NA,NA,NA
2018-06-22T20:28:10Z,VICTORY,STONE KEEP,SIEGE,15:36,ID 250859436,9,4,blue,"3,775",113308,NA,23,12,12,rampje,72,NA,11
2018-06-22T20:28:10Z,VICTORY,STONE KEEP,SIEGE,15:36,ID 250859436,9,5,red,3.1,76023,NA,10,13,9,LeCoyote34,49,NA,NA
2018-06-22T20:28:10Z,VICTORY,STONE KEEP,SIEGE,15:36,ID 250859436,9,6,red,"3,252",57903,NA,12,13,14,WOAHKookies,50,NA,NA
2018-06-22T20:28:10Z,VICTORY,STONE KEEP,SIEGE,15:36,ID 250859436,9,7,red,"3,740",70046,NA,16,10,6,BaconVEVO,210,"30,034",NA
2018-06-22T20:28:10Z,VICTORY,STONE KEEP,SIEGE,15:36,ID 250859436,9,8,red,2.774,41198,NA,NA,NA,5,Rendoxx,66,NA,NA
2018-06-22T20:28:10Z,VICTORY,STONE KEEP,SIEGE,15:36,ID 250859436,9,9,red,"4,494",72975,NA,13,13,17,KennyCancer,14,NA,1
2018-06-22T20:49:18Z,VICTORY,FISH MARKET,SIEGE,16:27,ID 250863344,10,0,blue,2.943,58570,NA,8,15,11,ArbyTheSpartan,28,NA,NA
2018-06-22T20:49:18Z,VICTORY,FISH MARKET,SIEGE,16:27,ID 250863344,10,1,blue,"3,127",33331,NA,7,710,7,deimanxox,205,NA,NA
2018-06-22T20:49:18Z,VICTORY,FISH MARKET,SIEGE,16:27,ID 250863344,10,2,blue,"3,302",65545,NA,16,1,9,MaxwellFenix,NA,NA,NA
2018-06-22T20:49:18Z,VICTORY,FISH MARKET,SIEGE,16:27,ID 250863344,10,3,blue,"3,322",29652,68341,7117,17,NA,W DestructivBage!,88,NA,NA
2018-06-22T20:49:18Z,VICTORY,FISH MARKET,SIEGE,16:27,ID 250863344,10,4,blue,"4,282",93889,NA,18,9,14,rampje,157,NA,NA
2018-06-22T20:49:18Z,VICTORY,FISH MARKET,SIEGE,16:27,ID 250863344,10,5,red,"3,014",48258,75195,4,12,20,'W Karvae,35,NA,NA
2018-06-22T20:49:18Z,VICTORY,FISH MARKET,SIEGE,16:27,ID 250863344,10,6,red,"3,358",77,NA,22,9,12,Toxuki,NA,NA,10
2018-06-22T20:49:18Z,VICTORY,FISH MARKET,SIEGE,16:27,ID 250863344,10,7,red,"2,867",629359,NA,NA,NA,7,ChronoRazer,80,NA,NA
2018-06-22T20:49:18Z,VICTORY,FISH MARKET,SIEGE,16:27,ID 250863344,10,8,red,"3,482",51086,NA,6,1,13,W Tomweasicy,216,"130,585",NA
2018-06-22T20:49:18Z,VICTORY,FISH MARKET,SIEGE,16:27,ID 250863344,10,9,red,"2,646",49670,NA,10,13,12,NA,NA,NA,NA
2018-06-22T21:07:07Z,DEFEAT,ASCENSION PEAK,siEGE,1311,ID 250867416,11,0,blue,"2,414",42525,24134,3,12,15,Kajoshin23,58,2308,NA
2018-06-22T21:07:07Z,DEFEAT,ASCENSION PEAK,siEGE,1311,ID 250867416,11,1,blue,"3,296",70958,NA,20,1,7,rampje,81,NA,NA
2018-06-22T21:07:07Z,DEFEAT,ASCENSION PEAK,siEGE,1311,ID 250867416,11,2,blue,"2,277",45694,NA,6,12,8,JtPepinatzo,31,NA,NA
2018-06-22T21:07:07Z,DEFEAT,ASCENSION PEAK,siEGE,1311,ID 250867416,11,3,blue,"2,859",55539,NA,15,12,5,W Bashious,19,NA,NA
2018-06-22T21:07:07Z,DEFEAT,ASCENSION PEAK,siEGE,1311,ID 250867416,11,4,blue,"2,507",8095,4539,0,10,4,W Ephixraliex,190,"98,471",NA
2018-06-22T21:07:07Z,DEFEAT,ASCENSION PEAK,siEGE,1311,ID 250867416,11,5,red,"3,639",39888,NA,20,5,3,'W Tovie,201,NA,NA
2018-06-22T21:07:07Z,DEFEAT,ASCENSION PEAK,siEGE,1311,ID 250867416,11,6,red,"2,615",16607,43485,1,9,20,CxrterPlays,57,NA,NA
2018-06-22T21:07:07Z,DEFEAT,ASCENSION PEAK,siEGE,1311,ID 250867416,11,7,red,2419,18182,NA,5,1,8,brushok,74,NA,NA
2018-06-22T21:07:07Z,DEFEAT,ASCENSION PEAK,siEGE,1311,ID 250867416,11,8,red,"3,367",60175,NA,21,8,9,GingyFindy,33,NA,12
2018-06-22T21:07:07Z,DEFEAT,ASCENSION PEAK,siEGE,1311,ID 250867416,11,9,red,3.189,72619,NA,9,9,18,MortBeingMort,85,NA,NA
2018-06-22T22:27:42Z,DEFEAT,TIMBER MILL,siEGE,1719,ID 250881826,12,0,blue,"3,525",123456,NA,17,12,10,rampje,13,NA,NA
2018-06-22T22:27:42Z,DEFEAT,TIMBER MILL,siEGE,1719,ID 250881826,12,1,blue,"2,383",81610,NA,5,12,12,TrustiestEnd97,13,NA,NA
2018-06-22T22:27:42Z,DEFEAT,TIMBER MILL,siEGE,1719,ID 250881826,12,2,blue,"3,179",47080,NA,5,1,14,PandaEagle,124,"171,635",NA
2018-06-22T22:27:42Z,DEFEAT,TIMBER MILL,siEGE,1719,ID 250881826,12,3,blue,"2,362",37409,NA,7,15,9,boerema,30,NA,NA
2018-06-22T22:27:42Z,DEFEAT,TIMBER MILL,siEGE,1719,ID 250881826,12,4,blue,"2,916",47819,59197,7,16,19,ArmoredBoss,38,NA,NA
2018-06-22T22:27:42Z,DEFEAT,TIMBER MILL,siEGE,1719,ID 250881826,12,5,red,"3,725",39615,NA,10,12,6,TMOS,139,NA,NA
2018-06-22T22:27:42Z,DEFEAT,TIMBER MILL,siEGE,1719,ID 250881826,12,6,red,"4,488",46635,90312,3,9,34,TheBlackfurySV,152,NA,13
2018-06-22T22:27:42Z,DEFEAT,TIMBER MILL,siEGE,1719,ID 250881826,12,7,red,"5,203",79948,NA,12,10,17,CeroNox,355,"57,588",W
2018-06-22T22:27:42Z,DEFEAT,TIMBER MILL,siEGE,1719,ID 250881826,12,8,red,"3,861",76091,NA,17,1,9,FREZINATOR,NA,NA,19
2018-06-22T22:27:42Z,DEFEAT,TIMBER MILL,siEGE,1719,ID 250881826,12,9,red,"4,450",82561,NA,24,9,10,NA,45,NA,NA
2018-06-22T22:39:51Z,VICTORY,JAGUAR FALLS,SIEGE,8:08,ID 250885791,13,0,blue,"2,203",39187,NA,1,1,5,LowGi,65,NA,13
2018-06-22T22:39:51Z,VICTORY,JAGUAR FALLS,SIEGE,8:08,ID 250885791,13,1,blue,"2,077",12769,NA,3,2,8,HentaiBondo,177,"8,878",NA
2018-06-22T22:39:51Z,VICTORY,JAGUAR FALLS,SIEGE,8:08,ID 250885791,13,2,blue,2144,35272,NA,1,3,5,stevo7653,23,NA,NA
2018-06-22T22:39:51Z,VICTORY,JAGUAR FALLS,SIEGE,8:08,ID 250885791,13,3,blue,"2,020",29356,9593,3,2,15,xMerce,51,NA,NA
2018-06-22T22:39:51Z,VICTORY,JAGUAR FALLS,SIEGE,8:08,ID 250885791,13,4,blue,"2,278",46167,NA,1,4,7,rampje,45,NA,NA
2018-06-22T22:39:51Z,VICTORY,JAGUAR FALLS,SIEGE,8:08,ID 250885791,13,5,red,"1,303",29174,NA,4,6,1,Valmont,NA,NA,NA
2018-06-22T22:39:51Z,VICTORY,JAGUAR FALLS,SIEGE,8:08,ID 250885791,13,6,red,"1,218",17,NA,4,9,1,'W,NA,NA,NA
2018-06-22T22:39:51Z,VICTORY,JAGUAR FALLS,SIEGE,8:08,ID 250885791,13,7,red,625,9546,NA,1,10,1,Jacheekang,NA,NA,NA
2018-06-22T22:39:51Z,VICTORY,JAGUAR FALLS,SIEGE,8:08,ID 250885791,13,8,red,"1,600",25902,NA,2,5,4,natmandoo,31,"52,765",NA
2018-06-22T22:39:51Z,VICTORY,JAGUAR FALLS,SIEGE,8:08,ID 250885791,13,9,red,1.383,17435,32402,1,9,5,DaRoxing,NA,"4,336",NA
2018-06-22T22:57:02Z,DEFEAT,FROG ISLE,siEGE,1348,ID 250887885,14,0,blue,"2,664",50538,NA,8,9,14,MatthewNg,31,"53,444",NA
2018-06-22T22:57:02Z,DEFEAT,FROG ISLE,siEGE,1348,ID 250887885,14,1,blue,"1,569",23121,NA,2,18,6,PinguPangu,15,NA,NA
2018-06-22T22:57:02Z,DEFEAT,FROG ISLE,siEGE,1348,ID 250887885,14,2,blue,1871,13904,26601,2,14,13,nitro4520,NA,NA,NA
2018-06-22T22:57:02Z,DEFEAT,FROG ISLE,siEGE,1348,ID 250887885,14,3,blue,"2,588",47301,NA,1,17,NA,rampje,23,NA,NA
2018-06-22T22:57:02Z,DEFEAT,FROG ISLE,siEGE,1348,ID 250887885,14,4,blue,"1,880",32019,NA,9,18,2,TrapTricks,29,NA,NA
2018-06-22T22:57:02Z,DEFEAT,FROG ISLE,siEGE,1348,ID 250887885,14,5,red,"3,215",55944,NA,15,3,12,jepilb22b222,14,NA,NA
2018-06-22T22:57:02Z,DEFEAT,FROG ISLE,siEGE,1348,ID 250887885,14,6,red,"3,153",42543,NA,8,9,17,'W PoizeN420,108,NA,NA
2018-06-22T22:57:02Z,DEFEAT,FROG ISLE,siEGE,1348,ID 250887885,14,7,red,3453,31972,45486,9,7,23,ElementalForge7,138,NA,11
2018-06-22T22:57:02Z,DEFEAT,FROG ISLE,siEGE,1348,ID 250887885,14,8,red,2.710,24118,NA,4,8,9,AngelGF,99,NA,NA
2018-06-22T22:57:02Z,DEFEAT,FROG ISLE,siEGE,1348,ID 250887885,14,9,red,"4,934",114667,NA,40,5,18,xXxGokuSatanxXx,66,NA,17
2018-06-22T23:18:21Z,VICTORY,TIMBER MILL,siEGE,1631,iD 250891324,15,0,blue,"3,639",33294,NA,6,1,8,Cypen,131,NA,NA
2018-06-22T23:18:21Z,VICTORY,TIMBER MILL,siEGE,1631,iD 250891324,15,1,blue,"4,163",46802,71681,6,1,18,matsif,146,"11,753",NA
2018-06-22T23:18:21Z,VICTORY,TIMBER MILL,siEGE,1631,iD 250891324,15,2,blue,"4,578",97553,NA,20,6,6,Becoming,57,NA,NA
2018-06-22T23:18:21Z,VICTORY,TIMBER MILL,siEGE,1631,iD 250891324,15,3,blue,"4,393",35942,14708,4,9,19,¥ Tiliven,305,"65,306",NA
2018-06-22T23:18:21Z,VICTORY,TIMBER MILL,siEGE,1631,iD 250891324,15,4,blue,"4,477",105781,NA,9,9,18,rampje,89,NA,NA
2018-06-22T23:18:21Z,VICTORY,TIMBER MILL,siEGE,1631,iD 250891324,15,5,red,"3,151",104314,NA,17,9,1,'W witliceceo,18,NA,14
2018-06-22T23:18:21Z,VICTORY,TIMBER MILL,siEGE,1631,iD 250891324,15,6,red,"2,851",63656,27504,9,9,22,W Kyrii,104,NA,1
2018-06-22T23:18:21Z,VICTORY,TIMBER MILL,siEGE,1631,iD 250891324,15,7,red,"2,798",27,57022,6,10,21,W Jasedog,44,NA,NA
2018-06-22T23:18:21Z,VICTORY,TIMBER MILL,siEGE,1631,iD 250891324,15,8,red,2340,56851,4889,10,8,19,ZombyRock,29,NA,NA
2018-06-22T23:18:21Z,VICTORY,TIMBER MILL,siEGE,1631,iD 250891324,15,9,red,1.993,36070,17778,4,9,12,Killfacs,24,NA,NA
2018-06-22T23:27:24Z,VICTORY,FROG ISLE,siEGE,6:38,ID 250894665,16,0,blue,"1,862",35333,NA,9,1,5,hotHotDoritos,NA,NA,NA
2018-06-22T23:27:24Z,VICTORY,FROG ISLE,siEGE,6:38,ID 250894665,16,1,blue,1915,11468,NA,3,0,6,X ao ur p,199,"6,970",NA
2018-06-22T23:27:24Z,VICTORY,FROG ISLE,siEGE,6:38,ID 250894665,16,2,blue,1918,15153,29414,3,1,14,hotHotCheetos,60,"3,550",11
2018-06-22T23:27:24Z,VICTORY,FROG ISLE,siEGE,6:38,ID 250894665,16,3,blue,1836,28270,NA,6,1,7,rampje,44,NA,NA
2018-06-22T23:27:24Z,VICTORY,FROG ISLE,siEGE,6:38,ID 250894665,16,4,blue,"1,886",31471,NA,9,3,5,¥P Harresshi,NA,NA,NA
2018-06-22T23:27:24Z,VICTORY,FROG ISLE,siEGE,6:38,ID 250894665,16,5,red,"1,003",16243,NA,2,5,1,MotleyCrewW,NA,NA,NA
2018-06-22T23:27:24Z,VICTORY,FROG ISLE,siEGE,6:38,ID 250894665,16,6,red,932,6153,NA,NA,NA,NA,emekillent23,13,"31,694",NA
2018-06-22T23:27:24Z,VICTORY,FROG ISLE,siEGE,6:38,ID 250894665,16,7,red,"1,018",8926,21390,0,4,4,Cophox,NA,NA,NA
2018-06-22T23:27:24Z,VICTORY,FROG ISLE,siEGE,6:38,ID 250894665,16,8,red,"1,709",26656,NA,4,7,2,GTOPman,NA,NA,NA
2018-06-22T23:27:24Z,VICTORY,FROG ISLE,siEGE,6:38,ID 250894665,16,9,red,579,2248,NA,NA,NA,NA,AlFreziz,NA,NA,NA
2018-06-22T23:43:43Z,VICTORY,MAGISTRATE'S ARCHIVES (ONSLAUGHT},DEATHMATCH,8:22,ID 250897185,17,0,blue,"3,459",23336,112,4,5,11,& Saryuh,156,"3,160",NA
2018-06-22T23:43:43Z,VICTORY,MAGISTRATE'S ARCHIVES (ONSLAUGHT},DEATHMATCH,8:22,ID 250897185,17,1,blue,"3,546",54622,NA,1,4,9,W ZiatanTheCrow,44,NA,NA
2018-06-22T23:43:43Z,VICTORY,MAGISTRATE'S ARCHIVES (ONSLAUGHT},DEATHMATCH,8:22,ID 250897185,17,2,blue,"4,073",36918,42402,7,3,19,Xstatan§x,167,NA,16
2018-06-22T23:43:43Z,VICTORY,MAGISTRATE'S ARCHIVES (ONSLAUGHT},DEATHMATCH,8:22,ID 250897185,17,3,blue,"3,892",63549,NA,15,3,14,rampje,78,NA,25
2018-06-22T23:43:43Z,VICTORY,MAGISTRATE'S ARCHIVES (ONSLAUGHT},DEATHMATCH,8:22,ID 250897185,17,4,blue,"2,940",13919,NA,5,7,3,MayoiTheSnail,60,NA,NA
2018-06-22T23:43:43Z,VICTORY,MAGISTRATE'S ARCHIVES (ONSLAUGHT},DEATHMATCH,8:22,ID 250897185,17,5,red,"3,280",30704,NA,2,7,8,masterdarking,90,"8,307",NA
2018-06-22T23:43:43Z,VICTORY,MAGISTRATE'S ARCHIVES (ONSLAUGHT},DEATHMATCH,8:22,ID 250897185,17,6,red,"2,834",19699,NA,4,6,2,Gunzerker02,10,NA,NA
2018-06-22T23:43:43Z,VICTORY,MAGISTRATE'S ARCHIVES (ONSLAUGHT},DEATHMATCH,8:22,ID 250897185,17,7,red,"3,100",38717,NA,7,9,3,Sadiello,33,NA,NA
2018-06-22T23:43:43Z,VICTORY,MAGISTRATE'S ARCHIVES (ONSLAUGHT},DEATHMATCH,8:22,ID 250897185,17,8,red,"3,655",67496,NA,9,1,8,bobbyd227,30,NA,NA
2018-06-22T23:43:43Z,VICTORY,MAGISTRATE'S ARCHIVES (ONSLAUGHT},DEATHMATCH,8:22,ID 250897185,17,9,red,1645,4570,47141,NA,9,7,faleolo6,28,NA,NA
2018-06-23T00:04:18Z,DEFEAT,ICE MINES,siEGE,1538,ID 250899505,18,0,blue,"3,506",88023,NA,16,10,14,rampje,51,NA,12
2018-06-23T00:04:18Z,DEFEAT,ICE MINES,siEGE,1538,ID 250899505,18,1,blue,"3,157",39219,4154,NA,NA,10,W Saryuh,218,"59,473",NA
2018-06-23T00:04:18Z,DEFEAT,ICE MINES,siEGE,1538,ID 250899505,18,2,blue,"2,865",57400,NA,13,7,8,ILEVI,32,NA,NA
2018-06-23T00:04:18Z,DEFEAT,ICE MINES,siEGE,1538,ID 250899505,18,3,blue,2.440,36423,47471,3,9,9,LerisPlayOO7,33,NA,NA
2018-06-23T00:04:18Z,DEFEAT,ICE MINES,siEGE,1538,ID 250899505,18,4,blue,"2,186",45656,NA,3,12,10,DrLigeiro,12,NA,NA
2018-06-23T00:04:18Z,DEFEAT,ICE MINES,siEGE,1538,ID 250899505,18,5,red,"3,229",79478,16797,1,7,17,rock3,35,NA,17
2018-06-23T00:04:18Z,DEFEAT,ICE MINES,siEGE,1538,ID 250899505,18,6,red,"2,999",21368,NA,3,7,9,Nakmut,298,NA,NA
2018-06-23T00:04:18Z,DEFEAT,ICE MINES,siEGE,1538,ID 250899505,18,7,red,"3,220",54306,NA,13,9,12,bubuxXU,33,NA,13
2018-06-23T00:04:18Z,DEFEAT,ICE MINES,siEGE,1538,ID 250899505,18,8,red,"3,647",50948,69662,9,9,22,'WHernandoNando,62,"8,910",NA
2018-06-23T00:04:18Z,DEFEAT,ICE MINES,siEGE,1538,ID 250899505,18,9,red,"3,390",68844,NA,13,10,14,ReyGhosT,53,NA,13
2018-06-23T00:16:27Z,VICTORY,TRADE DISTRICT,DEATHMATCH,742,ID 250902761,19,0,blue,"3,035",35864,NA,8,6,15,rampje,NA,"23,319",11
2018-06-23T00:16:27Z,VICTORY,TRADE DISTRICT,DEATHMATCH,742,ID 250902761,19,1,blue,"2,875",24730,NA,NA,NA,6,W Saryuh,NA,NA,11
2018-06-23T00:16:27Z,VICTORY,TRADE DISTRICT,DEATHMATCH,742,ID 250902761,19,2,blue,"2,665",15348,8647,7,6,5,LIKEABOSSO609,NA,200,NA
2018-06-23T00:16:27Z,VICTORY,TRADE DISTRICT,DEATHMATCH,742,ID 250902761,19,3,blue,"3,436",17304,NA,4,10,14,NA,NA,NA,NA
2018-06-23T00:16:27Z,VICTORY,TRADE DISTRICT,DEATHMATCH,742,ID 250902761,19,4,blue,"3,030",29774,NA,1,4,10,W Natsutz,NA,NA,11
2018-06-23T00:16:27Z,VICTORY,TRADE DISTRICT,DEATHMATCH,742,ID 250902761,19,5,red,"3,363",38620,NA,13,10,4,TheRickestMorty,NA,NA,NA
2018-06-23T00:16:27Z,VICTORY,TRADE DISTRICT,DEATHMATCH,742,ID 250902761,19,6,red,2.345,857,NA,0,9,4,Serdorahh,NA,NA,NA
2018-06-23T00:16:27Z,VICTORY,TRADE DISTRICT,DEATHMATCH,742,ID 250902761,19,7,red,"3,235",36938,NA,9,7,8,damianchaparri,NA,NA,NA
2018-06-23T00:16:27Z,VICTORY,TRADE DISTRICT,DEATHMATCH,742,ID 250902761,19,8,red,"1,070",4920,NA,NA,NA,NA,'W DadFool,NA,NA,NA
2018-06-23T00:16:27Z,VICTORY,TRADE DISTRICT,DEATHMATCH,742,ID 250902761,19,9,red,"3,065",39341,NA,9,10,4,W hourzu,NA,NA,NA
2018-06-23T12:00:49Z,DEFEAT,FISH MARKET,SIEGE,9.0,ID 251044717,20,0,blue,"1,383",22533,11780,3,5,5,mageta,NA,NA,NA
2018-06-23T12:00:49Z,DEFEAT,FISH MARKET,SIEGE,9.0,ID 251044717,20,1,blue,"1,647",40102,NA,5,8,3,rampje,NA,NA,NA
2018-06-23T12:00:49Z,DEFEAT,FISH MARKET,SIEGE,9.0,ID 251044717,20,2,blue,1440,16689,NA,1,9,3,Eccentricknight,77,"29,201",NA
2018-06-23T12:00:49Z,DEFEAT,FISH MARKET,SIEGE,9.0,ID 251044717,20,3,blue,1449,16357,27398,2,6,5,W vinicjustockwoo,13,"3,000",NA
2018-06-23T12:00:49Z,DEFEAT,FISH MARKET,SIEGE,9.0,ID 251044717,20,4,blue,1.087,17334,NA,2,7,1,Fabio777,NA,NA,NA
2018-06-23T12:00:49Z,DEFEAT,FISH MARKET,SIEGE,9.0,ID 251044717,20,5,red,"2,552",47632,NA,15,2,8,newdrive666,32,NA,19
2018-06-23T12:00:49Z,DEFEAT,FISH MARKET,SIEGE,9.0,ID 251044717,20,6,red,2.1,33543,NA,9,1,3,Miami1&,43,NA,10
2018-06-23T12:00:49Z,DEFEAT,FISH MARKET,SIEGE,9.0,ID 251044717,20,7,red,"2,249",21328,NA,2,3,12,EvilbemonkKing,54,NA,11
2018-06-23T12:00:49Z,DEFEAT,FISH MARKET,SIEGE,9.0,ID 251044717,20,8,red,"2,391",25077,31042,1,4,17,AquaMconSoul,148,NA,NA
2018-06-23T12:00:49Z,DEFEAT,FISH MARKET,SIEGE,9.0,ID 251044717,20,9,red,2.344,36042,21007,8,4,12,W PuppyBoi69,73,NA,NA
2018-06-23T12:21:51Z,VICTORY,BRIGHTMARSH,siEcE,18:31,iD 251048130,21,0,blue,"4,681",93574,NA,17,8,26,@,194,"56,990",15
2018-06-23T12:21:51Z,VICTORY,BRIGHTMARSH,siEcE,18:31,iD 251048130,21,1,blue,"3,824",85504,NA,13,15,15,DannyStyle!,33,NA,NA
2018-06-23T12:21:51Z,VICTORY,BRIGHTMARSH,siEcE,18:31,iD 251048130,21,2,blue,"4,701",105152,NA,18,10,24,rampje,104,NA,NA
2018-06-23T12:21:51Z,VICTORY,BRIGHTMARSH,siEcE,18:31,iD 251048130,21,3,blue,"4,894",54355,123099,1,9,36,W kMmacrophage,B5,"19,767",NA
2018-06-23T12:21:51Z,VICTORY,BRIGHTMARSH,siEcE,18:31,iD 251048130,21,4,blue,"4,206",72142,NA,13,12,21,Tallio1,122,NA,NA
2018-06-23T12:21:51Z,VICTORY,BRIGHTMARSH,siEcE,18:31,iD 251048130,21,5,red,"3,810",75377,NA,17,14,14,YHOokami,48,NA,NA
2018-06-23T12:21:51Z,VICTORY,BRIGHTMARSH,siEcE,18:31,iD 251048130,21,6,red,"3,762",112286,9212,12,12,19,W,114,NA,NA
2018-06-23T12:21:51Z,VICTORY,BRIGHTMARSH,siEcE,18:31,iD 251048130,21,7,red,"2,981",34910,55994,1,16,20,linearthrone22,86,NA,NA
2018-06-23T12:21:51Z,VICTORY,BRIGHTMARSH,siEcE,18:31,iD 251048130,21,8,red,"3,202",80808,NA,12,14,10,WaAthonasWingGrtt,NA,NA,NA
2018-06-23T12:21:51Z,VICTORY,BRIGHTMARSH,siEcE,18:31,iD 251048130,21,9,red,"3,100",51646,NA,12,13,6,W ModernMythTV,98,NA,NA
2018-06-23T12:46:44Z,VICTORY,FROZEN GUARD,SIEGE,1515,ID 251056483,22,0,blue,3.452,39309,65613,5,7,16,satcey,78,"8,355",10
2018-06-23T12:46:44Z,VICTORY,FROZEN GUARD,SIEGE,1515,ID 251056483,22,1,blue,"2,881",31180,NA,7,1716,NA,W CamingGrimms4s,46,NA,NA
2018-06-23T12:46:44Z,VICTORY,FROZEN GUARD,SIEGE,1515,ID 251056483,22,2,blue,"3,964",59021,NA,5,7,14,W vershya,351,"67,432",NA
2018-06-23T12:46:44Z,VICTORY,FROZEN GUARD,SIEGE,1515,ID 251056483,22,3,blue,"4,180",95759,NA,24,11,6,rampje,102,NA,NA
2018-06-23T12:46:44Z,VICTORY,FROZEN GUARD,SIEGE,1515,ID 251056483,22,4,blue,"3,370",46620,NA,9,7,12,abvgdee},101,NA,NA
2018-06-23T12:46:44Z,VICTORY,FROZEN GUARD,SIEGE,1515,ID 251056483,22,5,red,2334,26419,87804,2,10,15,DayVeez,20,NA,NA
2018-06-23T12:46:44Z,VICTORY,FROZEN GUARD,SIEGE,1515,ID 251056483,22,6,red,"2,051",56811,NA,5,10,9,Lyrec,NA,"11,567",NA
2018-06-23T12:46:44Z,VICTORY,FROZEN GUARD,SIEGE,1515,ID 251056483,22,7,red,2.583,48282,NA,7,9,9,InfectousWolf,143,"40,758",NA
2018-06-23T12:46:44Z,VICTORY,FROZEN GUARD,SIEGE,1515,ID 251056483,22,8,red,880,48230,NA,18,13,2,kawaiibananal2,45,NA,NA
2018-06-23T12:46:44Z,VICTORY,FROZEN GUARD,SIEGE,1515,ID 251056483,22,9,red,"2,421",59710,NA,7,8,18,Namphetch,21,NA,NA
2018-06-23T13:00:35Z,VICTORY,STONE KEEP,SIEGE,1127,ID 251061938,23,0,blue,"2,707",13423,15244,3,4,10,Kyrem»x,221,"37,396",NA
2018-06-23T13:00:35Z,VICTORY,STONE KEEP,SIEGE,1127,ID 251061938,23,1,blue,"2,699",61819,NA,9,5,9,Bekiru,26,NA,NA
2018-06-23T13:00:35Z,VICTORY,STONE KEEP,SIEGE,1127,ID 251061938,23,2,blue,"3,024",22803,70654,3,3,25,jezter66,113,NA,10
2018-06-23T13:00:35Z,VICTORY,STONE KEEP,SIEGE,1127,ID 251061938,23,3,blue,"2,955",55634,NA,18,4,12,Toxocariasis,NA,NA,14
2018-06-23T13:00:35Z,VICTORY,STONE KEEP,SIEGE,1127,ID 251061938,23,4,blue,"3,211",81699,NA,16,4,17,rampje,35,NA,14
2018-06-23T13:00:35Z,VICTORY,STONE KEEP,SIEGE,1127,ID 251061938,23,5,red,"2,231",48409,NA,6,13,6,@'Zerum,32,NA,NA
2018-06-23T13:00:35Z,VICTORY,STONE KEEP,SIEGE,1127,ID 251061938,23,6,red,"2,395",48109,NA,1,13,7,ItzzCope,139,"70,063",NA
2018-06-23T13:00:35Z,VICTORY,STONE KEEP,SIEGE,1127,ID 251061938,23,7,red,"2,269",44690,NA,2,9,14,wickwire2012,46,NA,NA
2018-06-23T13:00:35Z,VICTORY,STONE KEEP,SIEGE,1127,ID 251061938,23,8,red,"3,169",56650,NA,NA,6,6,Mouwhu,30,NA,10
2018-06-23T13:00:35Z,VICTORY,STONE KEEP,SIEGE,1127,ID 251061938,23,9,red,"2,280",41998,61187,3,8,7,NA,58,"9,260",NA
2018-06-23T13:12:27Z,VICTORY,BRIGHTMARSH,SIEGE,8:18,ID 251066474,24,0,blue,2483,30429,18523,6,2,18,Jimbbb,153,NA,15
2018-06-23T13:12:27Z,VICTORY,BRIGHTMARSH,SIEGE,8:18,ID 251066474,24,1,blue,2.465,47670,NA,15,3,7,rampje,51,NA,10
2018-06-23T13:12:27Z,VICTORY,BRIGHTMARSH,SIEGE,8:18,ID 251066474,24,2,blue,"2,222",15302,18161,7,1,14,Mouhu,127,NA,11
2018-06-23T13:12:27Z,VICTORY,BRIGHTMARSH,SIEGE,8:18,ID 251066474,24,3,blue,"1,744",10762,NA,6,3,5,Ebrahemee,28,NA,NA
2018-06-23T13:12:27Z,VICTORY,BRIGHTMARSH,SIEGE,8:18,ID 251066474,24,4,blue,949,3377,NA,1,1,0,amcbarbi,107,"2,670",NA
2018-06-23T13:12:27Z,VICTORY,BRIGHTMARSH,SIEGE,8:18,ID 251066474,24,5,red,1216,36450,NA,0,8,6,Ananizeru,NA,NA,NA
2018-06-23T13:12:27Z,VICTORY,BRIGHTMARSH,SIEGE,8:18,ID 251066474,24,6,red,727,8770,NA,1,9,0,W,16,NA,NA
2018-06-23T13:12:27Z,VICTORY,BRIGHTMARSH,SIEGE,8:18,ID 251066474,24,7,red,1313,17132,14701,4,6,3,Foxzero,NA,NA,NA
2018-06-23T13:12:27Z,VICTORY,BRIGHTMARSH,SIEGE,8:18,ID 251066474,24,8,red,"1,073",24382,NA,1,7,3,MangekySu,NA,NA,NA
2018-06-23T13:12:27Z,VICTORY,BRIGHTMARSH,SIEGE,8:18,ID 251066474,24,9,red,"1,292",20030,NA,4,5,3,Odofacao,NA,NA,NA
2018-06-23T13:23:26Z,VICTORY,BRIGHTMARSH,SIEGE,8:53,ID 251069569,25,0,blue,"2,553",21901,36335,2,2,20,NA,148,NA,16
2018-06-23T13:23:26Z,VICTORY,BRIGHTMARSH,SIEGE,8:53,ID 251069569,25,1,blue,"2,388",29499,NA,8,1,8,Farlingress,138,NA,11
2018-06-23T13:23:26Z,VICTORY,BRIGHTMARSH,SIEGE,8:53,ID 251069569,25,2,blue,"2,599",66313,NA,NA,NA,NA,rampje,38,NA,NA
2018-06-23T13:23:26Z,VICTORY,BRIGHTMARSH,SIEGE,8:53,ID 251069569,25,3,blue,"2,340",49116,NA,8,5,12,TorbjornTank,37,NA,NA
2018-06-23T13:23:26Z,VICTORY,BRIGHTMARSH,SIEGE,8:53,ID 251069569,25,4,blue,"2,362",43368,13921,9,3,13,ClerieS15,45,NA,NA
2018-06-23T13:23:26Z,VICTORY,BRIGHTMARSH,SIEGE,8:53,ID 251069569,25,5,red,2149,25379,NA,3,9,9,W hrqar,NA,NA,NA
2018-06-23T13:23:26Z,VICTORY,BRIGHTMARSH,SIEGE,8:53,ID 251069569,25,6,red,1463,23420,NA,2,6,2,Squirrelmancer,42,"22,732",NA
2018-06-23T13:23:26Z,VICTORY,BRIGHTMARSH,SIEGE,8:53,ID 251069569,25,7,red,"1,769",30589,NA,9,6,2,goeasyonmece,NA,NA,NA
2018-06-23T13:23:26Z,VICTORY,BRIGHTMARSH,SIEGE,8:53,ID 251069569,25,8,red,"1,548",22234,26491,2,8,10,Mouwhu,NA,NA,NA
2018-06-23T13:23:26Z,VICTORY,BRIGHTMARSH,SIEGE,8:53,ID 251069569,25,9,red,"1,366",27,25833,1,9,5,Jimbbb,NA,NA,NA
2018-06-23T14:48:03Z,VICTORY,BRIGHTMARSH,siEcE,18:03,ID 251092378,26,0,blue,"3,260",55997,NA,10,12,16,@ Windchaser,50,NA,NA
2018-06-23T14:48:03Z,VICTORY,BRIGHTMARSH,siEcE,18:03,ID 251092378,26,1,blue,"4,230",113194,NA,21,8,21,¥ Cometto1327,10,"28,472",14
2018-06-23T14:48:03Z,VICTORY,BRIGHTMARSH,siEcE,18:03,ID 251092378,26,2,blue,"4,341",80363,88509,21,6,29,Mouhu,23,NA,21
2018-06-23T14:48:03Z,VICTORY,BRIGHTMARSH,siEcE,18:03,ID 251092378,26,3,blue,"3,423",49371,NA,15,15,12,Macaber,114,NA,NA
2018-06-23T14:48:03Z,VICTORY,BRIGHTMARSH,siEcE,18:03,ID 251092378,26,4,blue,"3,939",81600,NA,10,14,27,rampje,140,"69,505",10
2018-06-23T14:48:03Z,VICTORY,BRIGHTMARSH,siEcE,18:03,ID 251092378,26,5,red,"4,203",95585,NA,16,13,13,Kervin9136,NA,"20,676",NA
2018-06-23T14:48:03Z,VICTORY,BRIGHTMARSH,siEcE,18:03,ID 251092378,26,6,red,"3,67",65762,NA,7,19,13,WintyTv,103,"113,864",NA
2018-06-23T14:48:03Z,VICTORY,BRIGHTMARSH,siEcE,18:03,ID 251092378,26,7,red,"4,008",74952,NA,21,19,1,W ProfCat,62,NA,NA
2018-06-23T14:48:03Z,VICTORY,BRIGHTMARSH,siEcE,18:03,ID 251092378,26,8,red,"1,907",36481,NA,6,16,12,Flare2,83,NA,NA
2018-06-23T14:48:03Z,VICTORY,BRIGHTMARSH,siEcE,18:03,ID 251092378,26,9,red,"3,677",45928,76925,5,10,23,FireOptic93,66,NA,NA
2018-06-23T15:04:10Z,DEFEAT,STONE KEEP,SIEGE,12:58,ID 251098646,27,0,blue,2.816,77235,NA,11,15,1,rampje,17,NA,NA
2018-06-23T15:04:10Z,DEFEAT,STONE KEEP,SIEGE,12:58,ID 251098646,27,1,blue,2.346,40989,31089,4,12,7,"& BlackFriday66§,",37,"5,705",NA
2018-06-23T15:04:10Z,DEFEAT,STONE KEEP,SIEGE,12:58,ID 251098646,27,2,blue,"2,199",37214,NA,2,10,3,W Zchndeg,133,"15,945",NA
2018-06-23T15:04:10Z,DEFEAT,STONE KEEP,SIEGE,12:58,ID 251098646,27,3,blue,"2,632",27336,NA,3,17,8,Ecthelion9$,23,NA,NA
2018-06-23T15:04:10Z,DEFEAT,STONE KEEP,SIEGE,12:58,ID 251098646,27,4,blue,"2,100",41902,NA,5,12,6,probablyjason,15,NA,NA
2018-06-23T15:04:10Z,DEFEAT,STONE KEEP,SIEGE,12:58,ID 251098646,27,5,red,"2,523",37386,NA,7,7,17,ElestiaFetal,35,NA,NA
2018-06-23T15:04:10Z,DEFEAT,STONE KEEP,SIEGE,12:58,ID 251098646,27,6,red,"3,034",45365,NA,18,3,9,BobMingChang,127,NA,1
2018-06-23T15:04:10Z,DEFEAT,STONE KEEP,SIEGE,12:58,ID 251098646,27,7,red,"3,312",65504,NA,18,5,24,'W Dongaviug,35,NA,14
2018-06-23T15:04:10Z,DEFEAT,STONE KEEP,SIEGE,12:58,ID 251098646,27,8,red,"3,319",31269,70508,6,3,20,Hoegan,153,NA,22
2018-06-23T15:04:10Z,DEFEAT,STONE KEEP,SIEGE,12:58,ID 251098646,27,9,red,"3,250",81630,NA,17,6,18,NA,30,NA,12
2018-06-23T15:14:44Z,VICTORY,FISH MARKET,siEcE,737,ID 2sn03334,28,0,blue,1939,10906,NA,3,1,10,ClitterFish87,134,"15,174",13
2018-06-23T15:14:44Z,VICTORY,FISH MARKET,siEcE,737,ID 2sn03334,28,1,blue,"2,214",30775,11612,9,1,14,NoobSlayer22,81,NA,13
2018-06-23T15:14:44Z,VICTORY,FISH MARKET,siEcE,737,ID 2sn03334,28,2,blue,"1,870",1,19569,3,2,8,iveMarcin,90,NA,NA
2018-06-23T15:14:44Z,VICTORY,FISH MARKET,siEcE,737,ID 2sn03334,28,3,blue,1835,32652,NA,5,2,11,virosnes,20,NA,11
2018-06-23T15:14:44Z,VICTORY,FISH MARKET,siEcE,737,ID 2sn03334,28,4,blue,"2,224",34534,NA,12,1,11,rampje,47,NA,12
2018-06-23T15:14:44Z,VICTORY,FISH MARKET,siEcE,737,ID 2sn03334,28,5,red,914,10640,NA,NA,8,0,'@ Datrysplash,19,NA,NA
2018-06-23T15:14:44Z,VICTORY,FISH MARKET,siEcE,737,ID 2sn03334,28,6,red,1187,13665,NA,2,6,2,warriorsoul0§,NA,NA,NA
2018-06-23T15:14:44Z,VICTORY,FISH MARKET,siEcE,737,ID 2sn03334,28,7,red,"1,370",24476,NA,3,5,3,Toxocariasis,NA,NA,NA
2018-06-23T15:14:44Z,VICTORY,FISH MARKET,siEcE,737,ID 2sn03334,28,8,red,897,6127,11917,0,5,2,WEvie,NA,NA,NA
2018-06-23T15:14:44Z,VICTORY,FISH MARKET,siEcE,737,ID 2sn03334,28,9,red,"1,243",14463,NA,2,7,3,NA,NA,NA,NA
2018-06-23T15:35:44Z,VICTORY,SERPENT BEACH,SiEGE,T2,ID 251108337,29,0,blue,3446,32637,NA,3,8,15,YasharF,254,"43,175",13
2018-06-23T15:35:44Z,VICTORY,SERPENT BEACH,SiEGE,T2,ID 251108337,29,1,blue,"2,987",33502,40500,4,4,14,stevenmoreno,65,NA,12
2018-06-23T15:35:44Z,VICTORY,SERPENT BEACH,SiEGE,T2,ID 251108337,29,2,blue,"2,988",54325,52435,3,4,15,Romura,103,NA,15
2018-06-23T15:35:44Z,VICTORY,SERPENT BEACH,SiEGE,T2,ID 251108337,29,3,blue,"3,236",58115,NA,NA,8,7,NilLaBrain,27,NA,NA
2018-06-23T15:35:44Z,VICTORY,SERPENT BEACH,SiEGE,T2,ID 251108337,29,4,blue,"3,350",69697,NA,15,9,5,rampje,55,NA,NA
2018-06-23T15:35:44Z,VICTORY,SERPENT BEACH,SiEGE,T2,ID 251108337,29,5,red,"2,580",64952,NA,9,8,11,@ ExubcrantChair,102,"35,640",10
2018-06-23T15:35:44Z,VICTORY,SERPENT BEACH,SiEGE,T2,ID 251108337,29,6,red,2146,51,NA,10,5,11,Khronolkarus,NA,NA,NA
2018-06-23T15:35:44Z,VICTORY,SERPENT BEACH,SiEGE,T2,ID 251108337,29,7,red,"2,050",54457,NA,9,7,10,W Pogu!,14,NA,NA
2018-06-23T15:35:44Z,VICTORY,SERPENT BEACH,SiEGE,T2,ID 251108337,29,8,red,2.135,34189,NA,3,8,12,Drajcole,112,"32,722",12
2018-06-23T15:35:44Z,VICTORY,SERPENT BEACH,SiEGE,T2,ID 251108337,29,9,red,2141,44486,74182,2,8,19,NA,NA,NA,13
2018-06-23T15:48:12Z,VICTORY,MAGISTRATE'S ARCHIVES (ONSLAUGHT},DEATHMATCH,849,ID 251112637,30,0,blue,"3,702",58400,NA,1,4,13,rampje,63,NA,NA
2018-06-23T15:48:12Z,VICTORY,MAGISTRATE'S ARCHIVES (ONSLAUGHT},DEATHMATCH,849,ID 251112637,30,1,blue,"3,910",29082,NA,9,3,9,W Lokisgod,210,"6,541",11
2018-06-23T15:48:12Z,VICTORY,MAGISTRATE'S ARCHIVES (ONSLAUGHT},DEATHMATCH,849,ID 251112637,30,2,blue,"3,318",6036,65756,4,5,19,ONcodle,NA,NA,NA
2018-06-23T15:48:12Z,VICTORY,MAGISTRATE'S ARCHIVES (ONSLAUGHT},DEATHMATCH,849,ID 251112637,30,3,blue,"3,160",24774,NA,5,4,10,DeKoKami,74,NA,NA
2018-06-23T15:48:12Z,VICTORY,MAGISTRATE'S ARCHIVES (ONSLAUGHT},DEATHMATCH,849,ID 251112637,30,4,blue,"4,199",38547,NA,15,3,12,Wiitcows,176,NA,11
2018-06-23T15:48:12Z,VICTORY,MAGISTRATE'S ARCHIVES (ONSLAUGHT},DEATHMATCH,849,ID 251112637,30,5,red,"3,561",31603,6927,8,7,2,Derpalot123,64,"21,970",NA
2018-06-23T15:48:12Z,VICTORY,MAGISTRATE'S ARCHIVES (ONSLAUGHT},DEATHMATCH,849,ID 251112637,30,6,red,"1,879",24668,NA,0,10,6,MaggieRazale,62,NA,NA
2018-06-23T15:48:12Z,VICTORY,MAGISTRATE'S ARCHIVES (ONSLAUGHT},DEATHMATCH,849,ID 251112637,30,7,red,"2,522",10493,NA,NA,9,2,PingvinaBG,NA,NA,NA
2018-06-23T15:48:12Z,VICTORY,MAGISTRATE'S ARCHIVES (ONSLAUGHT},DEATHMATCH,849,ID 251112637,30,8,red,"3,567",51463,NA,8,7,3,NA,23,NA,NA
2018-06-23T15:48:12Z,VICTORY,MAGISTRATE'S ARCHIVES (ONSLAUGHT},DEATHMATCH,849,ID 251112637,30,9,red,"3,245",27,7,3,1,3,NA,85,NA,NA
2018-06-23T16:02:07Z,DEFEAT,PRIMAL COURT,DEATHMATCH,8:5,ID 2smessa,31,0,blue,2.983,31169,NA,7,7,5,Lyzentier,43,NA,NA
2018-06-23T16:02:07Z,DEFEAT,PRIMAL COURT,DEATHMATCH,8:5,ID 2smessa,31,1,blue,"3,126",25617,NA,7,9,6,AceJokerFace,24,NA,NA
2018-06-23T16:02:07Z,DEFEAT,PRIMAL COURT,DEATHMATCH,8:5,ID 2smessa,31,2,blue,"3,334",38424,13500,4,12,10,6a t 6 a,91,NA,NA
2018-06-23T16:02:07Z,DEFEAT,PRIMAL COURT,DEATHMATCH,8:5,ID 2smessa,31,3,blue,"2,564",13921,NA,2,5,3,TacoOrbitz,27,NA,NA
2018-06-23T16:02:07Z,DEFEAT,PRIMAL COURT,DEATHMATCH,8:5,ID 2smessa,31,4,blue,"3,546",47832,NA,12,1,5,rampje,84,NA,NA
2018-06-23T16:02:07Z,DEFEAT,PRIMAL COURT,DEATHMATCH,8:5,ID 2smessa,31,5,red,"3,919",17603,NA,9,3,7,CaptainCreeperz,21,"32,124",NA
2018-06-23T16:02:07Z,DEFEAT,PRIMAL COURT,DEATHMATCH,8:5,ID 2smessa,31,6,red,"3,620",29300,42062,4,7,16,Murk346,ub,NA,NA
2018-06-23T16:02:07Z,DEFEAT,PRIMAL COURT,DEATHMATCH,8:5,ID 2smessa,31,7,red,"3,875",59520,NA,24,7,6,RagingMouse,48,NA,11
2018-06-23T16:02:07Z,DEFEAT,PRIMAL COURT,DEATHMATCH,8:5,ID 2smessa,31,8,red,"3,080",23154,NA,4,8,7,LuMill,90,NA,NA
2018-06-23T16:02:07Z,DEFEAT,PRIMAL COURT,DEATHMATCH,8:5,ID 2smessa,31,9,red,"3,074",18267,NA,3,7,5,chinchillajoe,96,NA,NA
2018-06-23T16:18:42Z,VICTORY,FROZEN GUARD,siEoE,1016,ID 251121019,32,0,blue,"2,791",63792,NA,15,5,10,Maraas,35,NA,10
2018-06-23T16:18:42Z,VICTORY,FROZEN GUARD,siEoE,1016,ID 251121019,32,1,blue,"2,546",40413,34058,3,6,15,CathyJustCathy,129,"3,377",NA
2018-06-23T16:18:42Z,VICTORY,FROZEN GUARD,siEoE,1016,ID 251121019,32,2,blue,"3,200",78999,NA,23,5,7,rampje,60,NA,16
2018-06-23T16:18:42Z,VICTORY,FROZEN GUARD,siEoE,1016,ID 251121019,32,3,blue,"1,901",9812,NA,0,6,4,FAKERGAMING,120,NA,NA
2018-06-23T16:18:42Z,VICTORY,FROZEN GUARD,siEoE,1016,ID 251121019,32,4,blue,"2,567",27,NA,3,2,9,GorbashSlayer,223,"35,610",NA
2018-06-23T16:18:42Z,VICTORY,FROZEN GUARD,siEoE,1016,ID 251121019,32,5,red,1369,20804,NA,2,12,3,& Hyora,29,NA,NA
2018-06-23T16:18:42Z,VICTORY,FROZEN GUARD,siEoE,1016,ID 251121019,32,6,red,1.979,19086,59386,5,8,10,airplanept2,20,NA,NA
2018-06-23T16:18:42Z,VICTORY,FROZEN GUARD,siEoE,1016,ID 251121019,32,7,red,"1,672",27365,NA,6,10,3,faviotio1235,NA,NA,NA
2018-06-23T16:18:42Z,VICTORY,FROZEN GUARD,siEoE,1016,ID 251121019,32,8,red,"1,922",27,NA,5,8,4,Maarwyn,57,"22,132",NA
2018-06-23T16:18:42Z,VICTORY,FROZEN GUARD,siEoE,1016,ID 251121019,32,9,red,"1,849",36304,NA,6,6,7,NA,30,NA,NA
2018-06-23T16:31:41Z,DEFEAT,JAGUAR FALLS,SIEGE,933,ID 251124994,33,0,blue,"1,610",29739,NA,5,9,2,CollidedGamer,25,NA,NA
2018-06-23T16:31:41Z,DEFEAT,JAGUAR FALLS,SIEGE,933,ID 251124994,33,1,blue,"1,984",38474,NA,5,8,8,W Fishscaleo,23,NA,NA
2018-06-23T16:31:41Z,DEFEAT,JAGUAR FALLS,SIEGE,933,ID 251124994,33,2,blue,"2,028",33443,41079,4,5,7,AllegroL. ZM,40,"11,084",NA
2018-06-23T16:31:41Z,DEFEAT,JAGUAR FALLS,SIEGE,933,ID 251124994,33,3,blue,"1,789",14778,NA,4,5,2,idragonkeeper,78,"23,006",NA
2018-06-23T16:31:41Z,DEFEAT,JAGUAR FALLS,SIEGE,933,ID 251124994,33,4,blue,1917,47870,NA,3,7,7,rampje,40,NA,NA
2018-06-23T16:31:41Z,DEFEAT,JAGUAR FALLS,SIEGE,933,ID 251124994,33,5,red,"2,938",45560,NA,10,4,11,'W idontdic,NA,NA,NA
2018-06-23T16:31:41Z,DEFEAT,JAGUAR FALLS,SIEGE,933,ID 251124994,33,6,red,2.345,29,NA,6,2,7,'W notsOsneaky,168,"11,885",NA
2018-06-23T16:31:41Z,DEFEAT,JAGUAR FALLS,SIEGE,933,ID 251124994,33,7,red,"2,209",28435,NA,7,3,6,W LiveSalt,92,"24,439",NA
2018-06-23T16:31:41Z,DEFEAT,JAGUAR FALLS,SIEGE,933,ID 251124994,33,8,red,"2,571",30426,58389,5,4,16,W pBurr,69,NA,NA
2018-06-23T16:31:41Z,DEFEAT,JAGUAR FALLS,SIEGE,933,ID 251124994,33,9,red,"1,970",27557,NA,6,8,5,W Flynn,NA,NA,NA
2018-06-23T19:41:34Z,DEFEAT,FROZEN GUARD,SIEGE,8:24,ID 251172139,34,0,blue,961,16022,NA,1,8,2,DevilGod15,NA,NA,NA
2018-06-23T19:41:34Z,DEFEAT,FROZEN GUARD,SIEGE,8:24,ID 251172139,34,1,blue,867,4375,21037,0,5,1,W DaveyJonest215,NA,"3,210",NA
2018-06-23T19:41:34Z,DEFEAT,FROZEN GUARD,SIEGE,8:24,ID 251172139,34,2,blue,911,8910,NA,1,5,1,Woshezi,19,"4,224",NA
2018-06-23T19:41:34Z,DEFEAT,FROZEN GUARD,SIEGE,8:24,ID 251172139,34,3,blue,884,12132,NA,1,7,0,Pollitoathorno,NA,NA,NA
2018-06-23T19:41:34Z,DEFEAT,FROZEN GUARD,SIEGE,8:24,ID 251172139,34,4,blue,993,21846,NA,1,8,1,rampje,13,NA,NA
2018-06-23T19:41:34Z,DEFEAT,FROZEN GUARD,SIEGE,8:24,ID 251172139,34,5,red,"2,393",21314,NA,7,0,12,yLeozerasaa,19,NA,19
2018-06-23T19:41:34Z,DEFEAT,FROZEN GUARD,SIEGE,8:24,ID 251172139,34,6,red,"1,764",15087,NA,5,1,8,Lian,51,NA,NA
2018-06-23T19:41:34Z,DEFEAT,FROZEN GUARD,SIEGE,8:24,ID 251172139,34,7,red,"2,263",47136,NA,16,0,9,xXxGokuSatanxXx,18,NA,25
2018-06-23T19:41:34Z,DEFEAT,FROZEN GUARD,SIEGE,8:24,ID 251172139,34,8,red,1.833,7,NA,1,1,3,ShadowBlack19,185,NA,NA
2018-06-23T19:41:34Z,DEFEAT,FROZEN GUARD,SIEGE,8:24,ID 251172139,34,9,red,1.863,13769,19544,4,2,9,NA,73,900,NA
2018-06-23T19:55:47Z,VICTORY,STONE KEEP,SIEGE,7:21,ID 281175217,35,0,blue,"2,459",19542,44585,6,0,18,mangothehostage,166,"9,091",24
2018-06-23T19:55:47Z,VICTORY,STONE KEEP,SIEGE,7:21,ID 281175217,35,1,blue,1843,24307,NA,9,1,3,SgtPaper,35,NA,NA
2018-06-23T19:55:47Z,VICTORY,STONE KEEP,SIEGE,7:21,ID 281175217,35,2,blue,"2,033",19192,NA,2,1,9,W mattwi4921,185,NA,11
2018-06-23T19:55:47Z,VICTORY,STONE KEEP,SIEGE,7:21,ID 281175217,35,3,blue,1936,34795,NA,7,0,13,LoneAura,17,NA,20
2018-06-23T19:55:47Z,VICTORY,STONE KEEP,SIEGE,7:21,ID 281175217,35,4,blue,2309,48369,NA,15,0,11,rampje,25,NA,26
2018-06-23T19:55:47Z,VICTORY,STONE KEEP,SIEGE,7:21,ID 281175217,35,5,red,990,13867,12172,0,5,2,'W Moneylce88,NA,NA,NA
2018-06-23T19:55:47Z,VICTORY,STONE KEEP,SIEGE,7:21,ID 281175217,35,6,red,"1,100",14333,NA,2,1,0,warriordev,11,NA,NA
2018-06-23T19:55:47Z,VICTORY,STONE KEEP,SIEGE,7:21,ID 281175217,35,7,red,1180,26806,NA,0,8,1,tridentzx,51,"20,760",NA
2018-06-23T19:55:47Z,VICTORY,STONE KEEP,SIEGE,7:21,ID 281175217,35,8,red,770,19730,NA,0,7,0,'W BigBcardMcBeast,NA,NA,NA
2018-06-23T19:55:47Z,VICTORY,STONE KEEP,SIEGE,7:21,ID 281175217,35,9,red,619,7258,3831,NA,NA,NA,NA,NA,NA,NA
2018-06-23T20:14:46Z,VICTORY,JAGUAR FALLS,SIEGE,10:02,ID 251178437,36,0,blue,"2,830",69497,NA,12,3,10,rampje,62,NA,10
2018-06-23T20:14:46Z,VICTORY,JAGUAR FALLS,SIEGE,10:02,ID 251178437,36,1,blue,"2,765",30962,NA,3,3,13,W incarose2,264,"6,657",NA
2018-06-23T20:14:46Z,VICTORY,JAGUAR FALLS,SIEGE,10:02,ID 251178437,36,2,blue,"2,422",60588,NA,7,5,6,poseidondeuzVT,17,NA,NA
2018-06-23T20:14:46Z,VICTORY,JAGUAR FALLS,SIEGE,10:02,ID 251178437,36,3,blue,"2,825",36240,67466,4,1,20,W system10t,99,NA,14
2018-06-23T20:14:46Z,VICTORY,JAGUAR FALLS,SIEGE,10:02,ID 251178437,36,4,blue,"2,339",53684,NA,10,4,10,fgzvjeshajwhd,23,NA,NA
2018-06-23T20:14:46Z,VICTORY,JAGUAR FALLS,SIEGE,10:02,ID 251178437,36,5,red,2183,16851,83936,5,6,7,'W EnderGamerS00,17,NA,NA
2018-06-23T20:14:46Z,VICTORY,JAGUAR FALLS,SIEGE,10:02,ID 251178437,36,6,red,1435,26501,NA,3,1,4,MiThoLoG,20,NA,NA
2018-06-23T20:14:46Z,VICTORY,JAGUAR FALLS,SIEGE,10:02,ID 251178437,36,7,red,"1,865",30290,19696,3,6,8,Scorfelop,4l,"17,908",NA
2018-06-23T20:14:46Z,VICTORY,JAGUAR FALLS,SIEGE,10:02,ID 251178437,36,8,red,"1,620",42870,NA,3,9,7,Armyn975,NA,NA,NA
2018-06-23T20:14:46Z,VICTORY,JAGUAR FALLS,SIEGE,10:02,ID 251178437,36,9,red,"1,729",24941,NA,2,4,7,NA,65,"18,804",NA
2018-06-23T20:26:12Z,DEFEAT,ASCENSION PEAK,siEGE,7:15,Ib 25iten59,37,0,blue,974,18892,5906,1,4,2,DraeShizzle,19,NA,NA
2018-06-23T20:26:12Z,DEFEAT,ASCENSION PEAK,siEGE,7:15,Ib 25iten59,37,1,blue,775,10400,NA,0,8,1,FludorianWizard,14,NA,NA
2018-06-23T20:26:12Z,DEFEAT,ASCENSION PEAK,siEGE,7:15,Ib 25iten59,37,2,blue,"1,018",20857,NA,1,8,2,rampje,21,"12,402",NA
2018-06-23T20:26:12Z,DEFEAT,ASCENSION PEAK,siEGE,7:15,Ib 25iten59,37,3,blue,"1,224",21297,NA,4,4,NA,chirucitoxds,NA,NA,NA
2018-06-23T20:26:12Z,DEFEAT,ASCENSION PEAK,siEGE,7:15,Ib 25iten59,37,4,blue,807,13134,NA,0,6,1,Connorxds,NA,NA,NA
2018-06-23T20:26:12Z,DEFEAT,ASCENSION PEAK,siEGE,7:15,Ib 25iten59,37,5,red,"1,724",12725,NA,3,2,7,Akke99,4l,NA,NA
2018-06-23T20:26:12Z,DEFEAT,ASCENSION PEAK,siEGE,7:15,Ib 25iten59,37,6,red,"1,990",3039,32730,1,1,15,weaselslider,ul,NA,16
2018-06-23T20:26:12Z,DEFEAT,ASCENSION PEAK,siEGE,7:15,Ib 25iten59,37,7,red,"1,990",31355,NA,NA,NA,NA,'W Ironhide8299,37,NA,NA
2018-06-23T20:26:12Z,DEFEAT,ASCENSION PEAK,siEGE,7:15,Ib 25iten59,37,8,red,1.948,8716,NA,0,1,9,cillbawg,186,"25,833",NA
2018-06-23T20:26:12Z,DEFEAT,ASCENSION PEAK,siEGE,7:15,Ib 25iten59,37,9,red,"2,239",47356,NA,15,0,5,W Pmasic,19,NA,20
2018-06-23T20:40:57Z,DEFEAT,STONE KEEP,SIEGE,11:00,ID 251183247,38,0,blue,"1,746",26378,NA,5,13,2,lightninglord97,15,NA,NA
2018-06-23T20:40:57Z,DEFEAT,STONE KEEP,SIEGE,11:00,ID 251183247,38,1,blue,"2,170",26265,40470,3,9,12,rampje,66,NA,NA
2018-06-23T20:40:57Z,DEFEAT,STONE KEEP,SIEGE,11:00,ID 251183247,38,2,blue,"2,200",34889,NA,3,10,5,¥,17,"43,040",NA
2018-06-23T20:40:57Z,DEFEAT,STONE KEEP,SIEGE,11:00,ID 251183247,38,3,blue,"2,014",27694,NA,5,13,6,W Firestart,13,NA,NA
2018-06-23T20:40:57Z,DEFEAT,STONE KEEP,SIEGE,11:00,ID 251183247,38,4,blue,"2,041",37644,NA,8,9,2,¥P FerahgoTheCreat,NA,"13,144",NA
2018-06-23T20:40:57Z,DEFEAT,STONE KEEP,SIEGE,11:00,ID 251183247,38,5,red,2144,3740,44,0,4,10,SenorBwahBwah,82,NA,NA
2018-06-23T20:40:57Z,DEFEAT,STONE KEEP,SIEGE,11:00,ID 251183247,38,6,red,"2,353",20581,NA,2,6,9,MunawirAzi,177,NA,NA
2018-06-23T20:40:57Z,DEFEAT,STONE KEEP,SIEGE,11:00,ID 251183247,38,7,red,"2,707",70032,NA,1,3,14,NA,27,NA,NA
2018-06-23T20:40:57Z,DEFEAT,STONE KEEP,SIEGE,11:00,ID 251183247,38,8,red,"3,957",73361,NA,30,7,3,HEKnTEKn,14,NA,15
2018-06-23T20:40:57Z,DEFEAT,STONE KEEP,SIEGE,11:00,ID 251183247,38,9,red,"2,555",50889,NA,1,4,14,NA,40,NA,NA
2018-06-23T20:53:01Z,VICTORY,SPLITSTONE QUARRY,SIEGE,816,ID 251186092,39,0,blue,"2,349",20833,NA,7,2,9,LucasTopLop,220,"30,344",10
2018-06-23T20:53:01Z,VICTORY,SPLITSTONE QUARRY,SIEGE,816,ID 251186092,39,1,blue,1982,40898,NA,7,1,5,Truthlezz,NA,NA,11
2018-06-23T20:53:01Z,VICTORY,SPLITSTONE QUARRY,SIEGE,816,ID 251186092,39,2,blue,"1,880",1866,26773,NA,2,7,Bunnyblueoct,18,NA,NA
2018-06-23T20:53:01Z,VICTORY,SPLITSTONE QUARRY,SIEGE,816,ID 251186092,39,3,blue,"2,707",62887,NA,15,3,11,rampje,74,NA,12
2018-06-23T20:53:01Z,VICTORY,SPLITSTONE QUARRY,SIEGE,816,ID 251186092,39,4,blue,"2,042",26293,4080,7,3,6,W tnana,ih,"16,308",NA
2018-06-23T20:53:01Z,VICTORY,SPLITSTONE QUARRY,SIEGE,816,ID 251186092,39,5,red,796,12322,NA,2,1,1,'W pnsscopz,10,NA,NA
2018-06-23T20:53:01Z,VICTORY,SPLITSTONE QUARRY,SIEGE,816,ID 251186092,39,6,red,"1,352",NA,NA,2,8,3,CakeyMuffin,19,NA,NA
2018-06-23T20:53:01Z,VICTORY,SPLITSTONE QUARRY,SIEGE,816,ID 251186092,39,7,red,1458,27,19320,3,6,3,ROhban,22,NA,NA
2018-06-23T20:53:01Z,VICTORY,SPLITSTONE QUARRY,SIEGE,816,ID 251186092,39,8,red,"1,520",26826,NA,3,6,3,tjahjoflame,NA,NA,NA
2018-06-23T20:53:01Z,VICTORY,SPLITSTONE QUARRY,SIEGE,816,ID 251186092,39,9,red,"1,180",22616,NA,1,5,4,NA,NA,"11,364",NA
2018-06-23T21:05:45Z,DEFEAT,ASCENSION PEAK,siEGE,a26,ID 251188383,40,0,blue,"1,360",24687,NA,0,7,3,' trishStevol,69,"19,587",NA
2018-06-23T21:05:45Z,DEFEAT,ASCENSION PEAK,siEGE,a26,ID 251188383,40,1,blue,1461,21743,25313,1,7,3,philbo,53,NA,NA
2018-06-23T21:05:45Z,DEFEAT,ASCENSION PEAK,siEGE,a26,ID 251188383,40,2,blue,"1,637",52436,NA,4,8,2,rampje,22,NA,NA
2018-06-23T21:05:45Z,DEFEAT,ASCENSION PEAK,siEGE,a26,ID 251188383,40,3,blue,"1,329",27595,19841,1,6,2,¥ Hootius,30,"3,215",NA
2018-06-23T21:05:45Z,DEFEAT,ASCENSION PEAK,siEGE,a26,ID 251188383,40,4,blue,"1,061",26258,NA,1,10,0,WP hrulixpyz,22,NA,NA
2018-06-23T21:05:45Z,DEFEAT,ASCENSION PEAK,siEGE,a26,ID 251188383,40,5,red,"2,479",41019,6853,8,2,17,W hryantacz,121,"5,999",15
2018-06-23T21:05:45Z,DEFEAT,ASCENSION PEAK,siEGE,a26,ID 251188383,40,6,red,"2,593",41616,NA,9,0,17,Neomett,166,"4,049",26
2018-06-23T21:05:45Z,DEFEAT,ASCENSION PEAK,siEGE,a26,ID 251188383,40,7,red,"2,593",16271,68070,2,1,23,ClarineteMen003,124,NA,16
2018-06-23T21:05:45Z,DEFEAT,ASCENSION PEAK,siEGE,a26,ID 251188383,40,8,red,"2,426",49513,NA,10,1,1,Anastaciax,94,NA,12
2018-06-23T21:05:45Z,DEFEAT,ASCENSION PEAK,siEGE,a26,ID 251188383,40,9,red,2154,35612,10005,9,3,14,infiltrado,31,NA,13
2018-06-23T21:18:13Z,VICTORY,SERPENT BEACH,SIEGE,9:40,ID 251190484,41,0,blue,"2,674",20670,68608,1,2,23,¥,102,NA,15
2018-06-23T21:18:13Z,VICTORY,SERPENT BEACH,SIEGE,9:40,ID 251190484,41,1,blue,2410,46791,NA,1,5,7,W RaizzleDaizzle,37,NA,NA
2018-06-23T21:18:13Z,VICTORY,SERPENT BEACH,SIEGE,9:40,ID 251190484,41,2,blue,"2,558",47550,NA,14,3,5,Wanikrego,38,NA,11
2018-06-23T21:18:13Z,VICTORY,SERPENT BEACH,SIEGE,9:40,ID 251190484,41,3,blue,2453,44201,NA,8,3,1,rampje,96,NA,NA
2018-06-23T21:18:13Z,VICTORY,SERPENT BEACH,SIEGE,9:40,ID 251190484,41,4,blue,"2,960",32719,NA,8,0,18,¥P Lagrimatterna,246,"51,702",26
2018-06-23T21:18:13Z,VICTORY,SERPENT BEACH,SIEGE,9:40,ID 251190484,41,5,red,"1,380",12454,118,NA,NA,3,kevinbuca,4l,"27,531",NA
2018-06-23T21:18:13Z,VICTORY,SERPENT BEACH,SIEGE,9:40,ID 251190484,41,6,red,179,50729,NA,5,3,4,W MasterotPenguin,20,NA,NA
2018-06-23T21:18:13Z,VICTORY,SERPENT BEACH,SIEGE,9:40,ID 251190484,41,7,red,1545,31610,25506,2,7,4,Wustly,17,NA,NA
2018-06-23T21:18:13Z,VICTORY,SERPENT BEACH,SIEGE,9:40,ID 251190484,41,8,red,"1,603",41507,NA,3,12,6,PokerFace2020,11,NA,NA
2018-06-23T21:18:13Z,VICTORY,SERPENT BEACH,SIEGE,9:40,ID 251190484,41,9,red,"1,660",37172,NA,3,9,4,ShadowyAbyssss,31,NA,NA
2018-06-23T23:15:12Z,VICTORY,TRADE DISTRICT,DEATHMATCH,9:20,ID 251211784,42,0,blue,"3,521",37843,NA,6,9,8,@ HOtChOcOlatel3,NA,NA,NA
2018-06-23T23:15:12Z,VICTORY,TRADE DISTRICT,DEATHMATCH,9:20,ID 251211784,42,1,blue,"3,510",35063,NA,2,1,10,W ixsebud,NA,"27,662",11
2018-06-23T23:15:12Z,VICTORY,TRADE DISTRICT,DEATHMATCH,9:20,ID 251211784,42,2,blue,"4,070",32791,56785,7,6,20,rampje,NA,NA,NA
2018-06-23T23:15:12Z,VICTORY,TRADE DISTRICT,DEATHMATCH,9:20,ID 251211784,42,3,blue,"4,605",109331,NA,18,2,12,Rhenzx,NA,NA,20
2018-06-23T23:15:12Z,VICTORY,TRADE DISTRICT,DEATHMATCH,9:20,ID 251211784,42,4,blue,"4,425",63825,96404,7,4,17,W OceanLaboratory,NA,NA,NA
2018-06-23T23:15:12Z,VICTORY,TRADE DISTRICT,DEATHMATCH,9:20,ID 251211784,42,5,red,"3,945",75233,25418,5,8,11,'W DinoScourge,NA,NA,NA
2018-06-23T23:15:12Z,VICTORY,TRADE DISTRICT,DEATHMATCH,9:20,ID 251211784,42,6,red,"3,580",45010,NA,5,17,5,sadgw,NA,NA,NA
2018-06-23T23:15:12Z,VICTORY,TRADE DISTRICT,DEATHMATCH,9:20,ID 251211784,42,7,red,"3,655",60652,NA,5,5,8,WAxedUsername,NA,NA,NA
2018-06-23T23:15:12Z,VICTORY,TRADE DISTRICT,DEATHMATCH,9:20,ID 251211784,42,8,red,"3,720",53843,34181,4,4,10,NA,NA,NA,NA
2018-06-23T23:15:12Z,VICTORY,TRADE DISTRICT,DEATHMATCH,9:20,ID 251211784,42,9,red,NA,47786,55226,3,6,12,N CHAT,NA,NA,NA
2018-06-23T23:34:04Z,DEFEAT,FROG ISLE,siEGE,1744,ID 251213608,43,0,blue,"3,520",59658,NA,7,12,15,'W OceanLaboratory,188,"83,273",NA
2018-06-23T23:34:04Z,DEFEAT,FROG ISLE,siEGE,1744,ID 251213608,43,1,blue,"3,108",65847,NA,1,13,10,BDONTS,17,NA,NA
2018-06-23T23:34:04Z,DEFEAT,FROG ISLE,siEGE,1744,ID 251213608,43,2,blue,"2,942",24260,91675,1,14,16,rampje,35,NA,NA
2018-06-23T23:34:04Z,DEFEAT,FROG ISLE,siEGE,1744,ID 251213608,43,3,blue,"3,652",100245,NA,15,13,10,Rhenzx,74,NA,NA
2018-06-23T23:34:04Z,DEFEAT,FROG ISLE,siEGE,1744,ID 251213608,43,4,blue,3115,58408,NA,1,13,9,¥ anikrego,NA,NA,NA
2018-06-23T23:34:04Z,DEFEAT,FROG ISLE,siEGE,1744,ID 251213608,43,5,red,"3,921",84075,NA,21,4,13,leoghost,11,NA,16
2018-06-23T23:34:04Z,DEFEAT,FROG ISLE,siEGE,1744,ID 251213608,43,6,red,"4,087",96724,NA,17,NA,NA,"@""Senshuen",50,NA,NA
2018-06-23T23:34:04Z,DEFEAT,FROG ISLE,siEGE,1744,ID 251213608,43,7,red,"4,674",92153,NA,14,12,15,FishJelly,300,"61,991",NA
2018-06-23T23:34:04Z,DEFEAT,FROG ISLE,siEGE,1744,ID 251213608,43,8,red,"3,346",53161,NA,7,10,12,W SigmaMx,51,NA,NA
2018-06-23T23:34:04Z,DEFEAT,FROG ISLE,siEGE,1744,ID 251213608,43,9,red,"4,012",62179,95935,6,8,26,chxgames,64,"15,692",NA
2018-06-23T23:47:10Z,DEFEAT,SPLITSTONE QUARRY,SIEGE,9:21,ID 251217276,44,0,blue,"1,265",18198,NA,3,6,1,EvilHoboXD,33,"21,598",NA
2018-06-23T23:47:10Z,DEFEAT,SPLITSTONE QUARRY,SIEGE,9:21,ID 251217276,44,1,blue,1337,18520,NA,3,7,71,W Bookwface,30,"1,240",NA
2018-06-23T23:47:10Z,DEFEAT,SPLITSTONE QUARRY,SIEGE,9:21,ID 251217276,44,2,blue,"1,290",7000,2014,0,10,5,rampje,23,NA,NA
2018-06-23T23:47:10Z,DEFEAT,SPLITSTONE QUARRY,SIEGE,9:21,ID 251217276,44,3,blue,1975,55581,NA,6,10,3,Rhenzx,28,NA,NA
2018-06-23T23:47:10Z,DEFEAT,SPLITSTONE QUARRY,SIEGE,9:21,ID 251217276,44,4,blue,1491,26468,22274,2,10,6,W OceanLaboratory,15,NA,NA
2018-06-23T23:47:10Z,DEFEAT,SPLITSTONE QUARRY,SIEGE,9:21,ID 251217276,44,5,red,"2,266",50162,NA,10,5,9,'WardobitT,NA,NA,10
2018-06-23T23:47:10Z,DEFEAT,SPLITSTONE QUARRY,SIEGE,9:21,ID 251217276,44,6,red,"2,603",45492,NA,17,3,7,Dracosop,58,NA,18
2018-06-23T23:47:10Z,DEFEAT,SPLITSTONE QUARRY,SIEGE,9:21,ID 251217276,44,7,red,2409,23462,52512,3,2,12,W Chesumon,113,"3,240",10
2018-06-23T23:47:10Z,DEFEAT,SPLITSTONE QUARRY,SIEGE,9:21,ID 251217276,44,8,red,"2,664",NA,3341,8,1,17,WTooSour,147,"13,149",25
2018-06-23T23:47:10Z,DEFEAT,SPLITSTONE QUARRY,SIEGE,9:21,ID 251217276,44,9,red,NA,35008,NA,5,3,10,N CHAT,NA,NA,NA
2018-06-24T00:00:16Z,DEFEAT,TRADE DISTRICT,DEATHMATCH,To?,iD 251219150,45,0,blue,"5,080",111006,NA,12,8,13,Rhenzx,NA,NA,11
2018-06-24T00:00:16Z,DEFEAT,TRADE DISTRICT,DEATHMATCH,To?,iD 251219150,45,1,blue,"4,300",27844,46400,4,5,17,rampje,NA,NA,13
2018-06-24T00:00:16Z,DEFEAT,TRADE DISTRICT,DEATHMATCH,To?,iD 251219150,45,2,blue,"4,440",66891,NA,NA,NA,6,ShivaSai,NA,NA,NA
2018-06-24T00:00:16Z,DEFEAT,TRADE DISTRICT,DEATHMATCH,To?,iD 251219150,45,3,blue,"4,400",49204,39188,5,13,13,W OceanLaboratory,NA,NA,NA
2018-06-24T00:00:16Z,DEFEAT,TRADE DISTRICT,DEATHMATCH,To?,iD 251219150,45,4,blue,"4,633",NA,NA,10,5,1,Melinoia,NA,NA,NA
2018-06-24T00:00:16Z,DEFEAT,TRADE DISTRICT,DEATHMATCH,To?,iD 251219150,45,5,red,"4,800",36272,17534,9,4,13,'@ VipcrousRyan,NA,"84,624",NA
2018-06-24T00:00:16Z,DEFEAT,TRADE DISTRICT,DEATHMATCH,To?,iD 251219150,45,6,red,"4,665",53772,48416,4,9,23,Oquies,NA,NA,11
2018-06-24T00:00:16Z,DEFEAT,TRADE DISTRICT,DEATHMATCH,To?,iD 251219150,45,7,red,"4,920",3276,65509,12,9,17,W badnik,NA,NA,11
2018-06-24T00:00:16Z,DEFEAT,TRADE DISTRICT,DEATHMATCH,To?,iD 251219150,45,8,red,"4,802",58433,NA,8,12,15,'WAhorror,NA,NA,NA
2018-06-24T00:00:16Z,DEFEAT,TRADE DISTRICT,DEATHMATCH,To?,iD 251219150,45,9,red,"4,585",67770,NA,7,5,17,Jspec,NA,NA,1
2018-06-24T00:22:02Z,DEFEAT,SNOWFALL JUNCTION,DEATHMATCH,10.50,ID 251222734,46,0,blue,"5,27",79128,NA,12,9,13,Rhenzx,164,NA,NA
2018-06-24T00:22:02Z,DEFEAT,SNOWFALL JUNCTION,DEATHMATCH,10.50,ID 251222734,46,1,blue,"4,921",38849,50819,6,7,14,W Saryuh,169,NA,NA
2018-06-24T00:22:02Z,DEFEAT,SNOWFALL JUNCTION,DEATHMATCH,10.50,ID 251222734,46,2,blue,"4,772",71843,NA,14,9,13,rampje,93,NA,10
2018-06-24T00:22:02Z,DEFEAT,SNOWFALL JUNCTION,DEATHMATCH,10.50,ID 251222734,46,3,blue,"4,789",30020,NA,2,9,4,¥ vhost,256,"12,861",NA
2018-06-24T00:22:02Z,DEFEAT,SNOWFALL JUNCTION,DEATHMATCH,10.50,ID 251222734,46,4,blue,"4,778",36081,41978,10,8,9,W OceanLaboratory,127,NA,NA
2018-06-24T00:22:02Z,DEFEAT,SNOWFALL JUNCTION,DEATHMATCH,10.50,ID 251222734,46,5,red,4.551,51406,NA,9,9,9,'W MidnightMoss,134,NA,NA
2018-06-24T00:22:02Z,DEFEAT,SNOWFALL JUNCTION,DEATHMATCH,10.50,ID 251222734,46,6,red,"3,899",35362,NA,3,17,8,BEANEEEEE,51,NA,NA
2018-06-24T00:22:02Z,DEFEAT,SNOWFALL JUNCTION,DEATHMATCH,10.50,ID 251222734,46,7,red,"5,303",54387,NA,5,3,20,W Fatkeod,272,"7,530",NA
2018-06-24T00:22:02Z,DEFEAT,SNOWFALL JUNCTION,DEATHMATCH,10.50,ID 251222734,46,8,red,"5,292",52330,89214,4,6,22,PizzaDelivers,163,"15,187",13
2018-06-24T00:22:02Z,DEFEAT,SNOWFALL JUNCTION,DEATHMATCH,10.50,ID 251222734,46,9,red,"5,381",84985,NA,21,9,8,iSnortiridium,84,NA,NA
2018-06-24T00:38:25Z,DEFEAT,STONE KEEP,SIEGE,15:27,ID 251224722,47,0,blue,"3,400",76683,NA,18,16,8,rampje,35,NA,NA
2018-06-24T00:38:25Z,DEFEAT,STONE KEEP,SIEGE,15:27,ID 251224722,47,1,blue,"3,060",68060,NA,6,13,14,W HanzoScatterRIP,40,NA,NA
2018-06-24T00:38:25Z,DEFEAT,STONE KEEP,SIEGE,15:27,ID 251224722,47,2,blue,"3,317",74165,NA,15,14,10,Rhenzx,81,NA,NA
2018-06-24T00:38:25Z,DEFEAT,STONE KEEP,SIEGE,15:27,ID 251224722,47,3,blue,3436,59797,5932,2,14,10,W saryuh,274,77.093,NA
2018-06-24T00:38:25Z,DEFEAT,STONE KEEP,SIEGE,15:27,ID 251224722,47,4,blue,"2,930",12628,114323,2,12,8,W OceanLaboratory,54,NA,NA
2018-06-24T00:38:25Z,DEFEAT,STONE KEEP,SIEGE,15:27,ID 251224722,47,5,red,"4,263",124953,NA,26,13,17,Caseychan,59,NA,W
2018-06-24T00:38:25Z,DEFEAT,STONE KEEP,SIEGE,15:27,ID 251224722,47,6,red,"4,358",80530,NA,19,4,12,FaceofCookie,370,NA,15
2018-06-24T00:38:25Z,DEFEAT,STONE KEEP,SIEGE,15:27,ID 251224722,47,7,red,"3,193",77,NA,12,13,17,Shadowpuppy,38,NA,NA
2018-06-24T00:38:25Z,DEFEAT,STONE KEEP,SIEGE,15:27,ID 251224722,47,8,red,"3,421",14612,132661,2,3,23,'W ZabelZarock13,28,NA,12
2018-06-24T00:38:25Z,DEFEAT,STONE KEEP,SIEGE,15:27,ID 251224722,47,9,red,"3,543",73254,NA,10,8,38,W Enza!,NA,NA,15
2018-06-24T00:52:02Z,DEFEAT,FOREMAN'S RISE,DEATHMATCH,9:03,ID 251227868,48,0,blue,"3,363",23320,28793,2,10,14,rampje,27,NA,NA
2018-06-24T00:52:02Z,DEFEAT,FOREMAN'S RISE,DEATHMATCH,9:03,ID 251227868,48,1,blue,"3,296",38702,NA,5,12,3,aonza5S$,44,NA,NA
2018-06-24T00:52:02Z,DEFEAT,FOREMAN'S RISE,DEATHMATCH,9:03,ID 251227868,48,2,blue,"3,673",34215,2141,5,10,7,W Saryuh,97,"24,811",NA
2018-06-24T00:52:02Z,DEFEAT,FOREMAN'S RISE,DEATHMATCH,9:03,ID 251227868,48,3,blue,"3,839",60664,NA,7,8,12,Rhenzx,46,NA,NA
2018-06-24T00:52:02Z,DEFEAT,FOREMAN'S RISE,DEATHMATCH,9:03,ID 251227868,48,4,blue,"3,651",24562,30994,5,7,10,W OceanLaboratory,89,NA,NA
2018-06-24T00:52:02Z,DEFEAT,FOREMAN'S RISE,DEATHMATCH,9:03,ID 251227868,48,5,red,"3,639",41425,NA,7,4,10,NessoHard,61,NA,NA
2018-06-24T00:52:02Z,DEFEAT,FOREMAN'S RISE,DEATHMATCH,9:03,ID 251227868,48,6,red,"4,166",36273,30603,4,6,17,"'W Certseros$.,",184,NA,NA
2018-06-24T00:52:02Z,DEFEAT,FOREMAN'S RISE,DEATHMATCH,9:03,ID 251227868,48,7,red,"4,058",42521,44262,6,3,14,sevOre,142,"9,806",16
2018-06-24T00:52:02Z,DEFEAT,FOREMAN'S RISE,DEATHMATCH,9:03,ID 251227868,48,8,red,"4,266",66184,NA,21,7,8,'W,62,NA,14
2018-06-24T00:52:02Z,DEFEAT,FOREMAN'S RISE,DEATHMATCH,9:03,ID 251227868,48,9,red,"3,951",31341,NA,9,4,9,"W vulentide,",149,"20,618",NA
2018-06-24T01:02:35Z,VICTORY,FROZEN GUARD,SIEGE,7:14,ID 251229864,49,0,blue,"2,109",35445,NA,14,1,6,rampje,22,NA,18
2018-06-24T01:02:35Z,VICTORY,FROZEN GUARD,SIEGE,7:14,ID 251229864,49,1,blue,"2,238",9876,39745,2,1,16,W OceanLaboratory,180,NA,18
2018-06-24T01:02:35Z,VICTORY,FROZEN GUARD,SIEGE,7:14,ID 251229864,49,2,blue,"1,598",11237,NA,1,4,8,dash93,34,NA,NA
2018-06-24T01:02:35Z,VICTORY,FROZEN GUARD,SIEGE,7:14,ID 251229864,49,3,blue,"2,152",15837,6515,4,NA,NA,W saryuh,162,"8,196",18
2018-06-24T01:02:35Z,VICTORY,FROZEN GUARD,SIEGE,7:14,ID 251229864,49,4,blue,"2,160",28689,NA,12,0,7,Rhenzx,84,NA,19
2018-06-24T01:02:35Z,VICTORY,FROZEN GUARD,SIEGE,7:14,ID 251229864,49,5,red,793,8134,NA,1,3,0,PieceKhan,NA,"1,200",NA
2018-06-24T01:02:35Z,VICTORY,FROZEN GUARD,SIEGE,7:14,ID 251229864,49,6,red,"1,084",30553,NA,4,8,1,AgSun,NA,NA,NA
2018-06-24T01:02:35Z,VICTORY,FROZEN GUARD,SIEGE,7:14,ID 251229864,49,7,red,820,15634,NA,0,8,1,TURKISHPLAYER,NA,NA,NA
2018-06-24T01:02:35Z,VICTORY,FROZEN GUARD,SIEGE,7:14,ID 251229864,49,8,red,878,11216,NA,0,7,1,MartinBlank,30,"7,320",NA
2018-06-24T01:02:35Z,VICTORY,FROZEN GUARD,SIEGE,7:14,ID 251229864,49,9,red,NA,15035,NA,1,7,1,N CHAT,NA,NA,NA
2018-06-24T01:13:33Z,VICTORY,SNOWFALL JUNCTION,DEATHMATCH,9:54,ID 251231149,50,0,blue,"4,419",54712,NA,10,9,9,Rhenzx,106,NA,NA
2018-06-24T01:13:33Z,VICTORY,SNOWFALL JUNCTION,DEATHMATCH,9:54,ID 251231149,50,1,blue,"5,022",44008,5983,9,5,10,W Saryuh,253,"31,196",NA
2018-06-24T01:13:33Z,VICTORY,SNOWFALL JUNCTION,DEATHMATCH,9:54,ID 251231149,50,2,blue,"4,003",13201,43847,3,10,17,rampje,67,NA,NA
2018-06-24T01:13:33Z,VICTORY,SNOWFALL JUNCTION,DEATHMATCH,9:54,ID 251231149,50,3,blue,"4,133",51169,NA,13,10,6,Zinida,40,NA,NA
2018-06-24T01:13:33Z,VICTORY,SNOWFALL JUNCTION,DEATHMATCH,9:54,ID 251231149,50,4,blue,"4,109",22919,25714,6,12,10,W OceanLaboratory,96,NA,NA
2018-06-24T01:13:33Z,VICTORY,SNOWFALL JUNCTION,DEATHMATCH,9:54,ID 251231149,50,5,red,"4,408",60754,NA,12,6,13,Valikar,92,NA,NA
2018-06-24T01:13:33Z,VICTORY,SNOWFALL JUNCTION,DEATHMATCH,9:54,ID 251231149,50,6,red,"5,232",58512,NA,14,10,13,W Xenorathia,73,NA,NA
2018-06-24T01:13:33Z,VICTORY,SNOWFALL JUNCTION,DEATHMATCH,9:54,ID 251231149,50,7,red,"4,166",35827,51868,6,7,15,W SinisterDragon,69,NA,NA
2018-06-24T01:13:33Z,VICTORY,SNOWFALL JUNCTION,DEATHMATCH,9:54,ID 251231149,50,8,red,"2,360",10075,NA,1,8,1,Wazzserzz86zzz,TI,NA,NA
2018-06-24T01:13:33Z,VICTORY,SNOWFALL JUNCTION,DEATHMATCH,9:54,ID 251231149,50,9,red,"4,232",63650,NA,13,10,5,AngeloQuispeCco,33,NA,NA
2018-06-24T01:27:57Z,VICTORY,TIMBER MILL,siEGE,743,ID 251233649,51,0,blue,"2,090",20928,342,2,1,7,& Saryuh,216,"3,079",NA
2018-06-24T01:27:57Z,VICTORY,TIMBER MILL,siEGE,743,ID 251233649,51,1,blue,"1,871",26844,NA,9,2,2,rampje,18,NA,10
2018-06-24T01:27:57Z,VICTORY,TIMBER MILL,siEGE,743,ID 251233649,51,2,blue,"2,002",24050,NA,5,0,10,Rhenzx,125,NA,15
2018-06-24T01:27:57Z,VICTORY,TIMBER MILL,siEGE,743,ID 251233649,51,3,blue,"2,269",11,43328,2,0,12,W OceanLaboratory,200,NA,14
2018-06-24T01:27:57Z,VICTORY,TIMBER MILL,siEGE,743,ID 251233649,51,4,blue,"1,695",18520,NA,6,1,3,iMarshmellox,15,NA,NA
2018-06-24T01:27:57Z,VICTORY,TIMBER MILL,siEGE,743,ID 251233649,51,5,red,775,8240,NA,0,7,0,SiflySol,19,NA,NA
2018-06-24T01:27:57Z,VICTORY,TIMBER MILL,siEGE,743,ID 251233649,51,6,red,946,9873,22632,0,3,2,Vizteko,NA,NA,NA
2018-06-24T01:27:57Z,VICTORY,TIMBER MILL,siEGE,743,ID 251233649,51,7,red,995,26653,NA,2,4,0,Kodama,NA,NA,NA
2018-06-24T01:27:57Z,VICTORY,TIMBER MILL,siEGE,743,ID 251233649,51,8,red,975,22123,NA,1,5,0,'W Wayitop,NA,NA,NA
2018-06-24T01:27:57Z,VICTORY,TIMBER MILL,siEGE,743,ID 251233649,51,9,red,979,18573,NA,1,5,0,gexplorer,35,"2,257",NA
2018-06-24T02:09:53Z,DEFEAT,STONE KEEP,SIEGE,18:26,ID 251238094,52,0,blue,"4,252",51663,51802,12,16,27,'W OceanLaboratory,145,NA,NA
2018-06-24T02:09:53Z,DEFEAT,STONE KEEP,SIEGE,18:26,ID 251238094,52,1,blue,"3,741",38240,42897,5,13,42,rampje,47,NA,15
2018-06-24T02:09:53Z,DEFEAT,STONE KEEP,SIEGE,18:26,ID 251238094,52,2,blue,"4,512",51122,87342,9,1,40,godinals,87,NA,10
2018-06-24T02:09:53Z,DEFEAT,STONE KEEP,SIEGE,18:26,ID 251238094,52,3,blue,"4,892",63600,3907,14,16,23,W saryuh,358,"45,402",11
2018-06-24T02:09:53Z,DEFEAT,STONE KEEP,SIEGE,18:26,ID 251238094,52,4,blue,"5,767",127351,NA,31,12,24,Rhenzx,174,NA,13
2018-06-24T02:09:53Z,DEFEAT,STONE KEEP,SIEGE,18:26,ID 251238094,52,5,red,"4,864",77520,73914,10,14,36,Clonsik,59,"12,085",NA
2018-06-24T02:09:53Z,DEFEAT,STONE KEEP,SIEGE,18:26,ID 251238094,52,6,red,4.422,78290,NA,12,10,18,'W snoopgifatte,353,NA,12
2018-06-24T02:09:53Z,DEFEAT,STONE KEEP,SIEGE,18:26,ID 251238094,52,7,red,"3,289",54804,NA,10,12,11,W rovefto,26,NA,NA
2018-06-24T02:09:53Z,DEFEAT,STONE KEEP,SIEGE,18:26,ID 251238094,52,8,red,"5,531",116163,NA,23,20,17,W arai,99,NA,NA
2018-06-24T02:09:53Z,DEFEAT,STONE KEEP,SIEGE,18:26,ID 251238094,52,9,red,"4,536",123150,NA,13,13,31,skylu456,43,NA,13
2018-06-24T02:20:00Z,DEFEAT,FOREMAN'S RISE,DEATHMATCH,832,ID 251241095,53,0,blue,"3,607",25277,54173,1,7,13,rampje,63,NA,NA
2018-06-24T02:20:00Z,DEFEAT,FOREMAN'S RISE,DEATHMATCH,832,ID 251241095,53,1,blue,"3,822",43965,NA,4,6,7,W OceanLaboratory,153,"21,772",NA
2018-06-24T02:20:00Z,DEFEAT,FOREMAN'S RISE,DEATHMATCH,832,ID 251241095,53,2,blue,"3,638",44422,NA,9,13,7,W Saryuh,26,NA,NA
2018-06-24T02:20:00Z,DEFEAT,FOREMAN'S RISE,DEATHMATCH,832,ID 251241095,53,3,blue,"1,129",18110,NA,1,7,1,miyavizmyy,17,NA,NA
2018-06-24T02:20:00Z,DEFEAT,FOREMAN'S RISE,DEATHMATCH,832,ID 251241095,53,4,blue,"3,878",57036,NA,8,1,5,Rhenzx,72,NA,NA
2018-06-24T02:20:00Z,DEFEAT,FOREMAN'S RISE,DEATHMATCH,832,ID 251241095,53,5,red,"3,989",37229,NA,9,9,14,robloxloveraaro,12,NA,NA
2018-06-24T02:20:00Z,DEFEAT,FOREMAN'S RISE,DEATHMATCH,832,ID 251241095,53,6,red,4.144,56240,NA,13,1,5,LokiScript,156,27122,1
2018-06-24T02:20:00Z,DEFEAT,FOREMAN'S RISE,DEATHMATCH,832,ID 251241095,53,7,red,"4,539",22867,74845,6,2,22,TKTKORZ,Zn,NA,13
2018-06-24T02:20:00Z,DEFEAT,FOREMAN'S RISE,DEATHMATCH,832,ID 251241095,53,8,red,"2,992",21915,NA,5,7,8,jhondevil,25,NA,NA
2018-06-24T02:20:00Z,DEFEAT,FOREMAN'S RISE,DEATHMATCH,832,ID 251241095,53,9,red,"3,542",54844,NA,1,4,12,Goateatingpaper,23,NA,12
2018-06-24T02:32:38Z,DEFEAT,ICE MINES,siEGE,N29,ID 251242404,54,0,blue,"1,233",28736,0,5,7,4,& KamukuraO7,NA,NA,NA
2018-06-24T02:32:38Z,DEFEAT,ICE MINES,siEGE,N29,ID 251242404,54,1,blue,2137,19259,60356,4,7,16,W OceanLaboratory,29,NA,14
2018-06-24T02:32:38Z,DEFEAT,ICE MINES,siEGE,N29,ID 251242404,54,2,blue,"2,013",22960,NA,8,1,4,W Saryuh,20,NA,NA
2018-06-24T02:32:38Z,DEFEAT,ICE MINES,siEGE,N29,ID 251242404,54,3,blue,"1,760",23767,NA,3,9,6,rampje,47,"35,956",NA
2018-06-24T02:32:38Z,DEFEAT,ICE MINES,siEGE,N29,ID 251242404,54,4,blue,"2,079",44325,NA,7,7,NA,Rhenzx,30,NA,NA
2018-06-24T02:32:38Z,DEFEAT,ICE MINES,siEGE,N29,ID 251242404,54,5,red,"2,810",33447,NA,1,7,2,NA,48,NA,NA
2018-06-24T02:32:38Z,DEFEAT,ICE MINES,siEGE,N29,ID 251242404,54,6,red,"2,985",2847,NA,5,5,1,vCrypt,247,"31,824",NA
2018-06-24T02:32:38Z,DEFEAT,ICE MINES,siEGE,N29,ID 251242404,54,7,red,"2,994",53442,NA,8,5,21,jtoman,20,NA,18
2018-06-24T02:32:38Z,DEFEAT,ICE MINES,siEGE,N29,ID 251242404,54,8,red,"3,078",65076,NA,12,5,8,W jamporu,27,NA,NA
2018-06-24T02:32:38Z,DEFEAT,ICE MINES,siEGE,N29,ID 251242404,54,9,red,"2,582",36959,NA,5,5,7,Josegrowl,33,NA,NA
2018-06-24T02:41:49Z,VICTORY,TRADE DISTRICT,DEATHMATCH,740,ID 251244319,55,0,blue,3436,36315,NA,10,8,11,' MasterRoguet234,NA,NA,NA
2018-06-24T02:41:49Z,VICTORY,TRADE DISTRICT,DEATHMATCH,740,ID 251244319,55,1,blue,"3,205",40513,NA,8,8,11,W Saryuh,NA,"29,394",13
2018-06-24T02:41:49Z,VICTORY,TRADE DISTRICT,DEATHMATCH,740,ID 251244319,55,2,blue,"3,650",77,NA,12,5,12,Rhenzx,NA,NA,NA
2018-06-24T02:41:49Z,VICTORY,TRADE DISTRICT,DEATHMATCH,740,ID 251244319,55,3,blue,"3,415",40144,42020,4,5,18,W OceanLaboratory,NA,NA,13
2018-06-24T02:41:49Z,VICTORY,TRADE DISTRICT,DEATHMATCH,740,ID 251244319,55,4,blue,"3,600",33797,36925,6,5,23,rampje,NA,NA,15
2018-06-24T02:41:49Z,VICTORY,TRADE DISTRICT,DEATHMATCH,740,ID 251244319,55,5,red,"3,380",48655,NA,9,8,8,whaeva,NA,NA,NA
2018-06-24T02:41:49Z,VICTORY,TRADE DISTRICT,DEATHMATCH,740,ID 251244319,55,6,red,3485,38279,60514,5,6,14,W water!,NA,NA,14
2018-06-24T02:41:49Z,VICTORY,TRADE DISTRICT,DEATHMATCH,740,ID 251244319,55,7,red,"3,370",38339,9422,7,10,10,dumblond,NA,NA,NA
2018-06-24T02:41:49Z,VICTORY,TRADE DISTRICT,DEATHMATCH,740,ID 251244319,55,8,red,"3,375",26937,6407,5,8,12,'W Weatthyhobo,NA,"63,092",NA
2018-06-24T02:41:49Z,VICTORY,TRADE DISTRICT,DEATHMATCH,740,ID 251244319,55,9,red,"3,194",45872,NA,5,9,9,vortexsummoner,NA,NA,NA
2018-06-24T02:52:40Z,VICTORY,TRADE DISTRICT,DEATHMATCH,732,ID 251245925,56,0,blue,"3,730",52362,NA,18,4,7,Rhenzx,NA,NA,13
2018-06-24T02:52:40Z,VICTORY,TRADE DISTRICT,DEATHMATCH,732,ID 251245925,56,1,blue,"3,110",30853,NA,3,6,15,W Saryuh,NA,"43,380",NA
2018-06-24T02:52:40Z,VICTORY,TRADE DISTRICT,DEATHMATCH,732,ID 251245925,56,2,blue,"3,435",43709,NA,13,10,8,rampje,NA,NA,NA
2018-06-24T02:52:40Z,VICTORY,TRADE DISTRICT,DEATHMATCH,732,ID 251245925,56,3,blue,"2,480",7,NA,2,8,1,Heroicplaya,NA,NA,NA
2018-06-24T02:52:40Z,VICTORY,TRADE DISTRICT,DEATHMATCH,732,ID 251245925,56,4,blue,"3,105",11745,34255,3,7,16,W OceanLaboratory,NA,NA,NA
2018-06-24T02:52:40Z,VICTORY,TRADE DISTRICT,DEATHMATCH,732,ID 251245925,56,5,red,"3,490",51374,NA,9,9,17,'@ catgir12000,NA,"9,440",NA
2018-06-24T02:52:40Z,VICTORY,TRADE DISTRICT,DEATHMATCH,732,ID 251245925,56,6,red,"2,799",25447,NA,2,9,9,W Yamic199616,NA,NA,NA
2018-06-24T02:52:40Z,VICTORY,TRADE DISTRICT,DEATHMATCH,732,ID 251245925,56,7,red,3.116,23171,NA,NA,10,6,Durtch,NA,NA,NA
2018-06-24T02:52:40Z,VICTORY,TRADE DISTRICT,DEATHMATCH,732,ID 251245925,56,8,red,"3,191",33975,NA,8,5,6,CaptainJayson,NA,NA,NA
2018-06-24T02:52:40Z,VICTORY,TRADE DISTRICT,DEATHMATCH,732,ID 251245925,56,9,red,NA,31721,25708,8,7,14,N CHAT,NA,NA,NA
2018-06-24T03:06:21Z,VICTORY,FISH MARKET,SIEGE,9:03,ID 251247626,57,0,blue,"2,802",58929,NA,15,2,12,Rhenzx,88,NA,13
2018-06-24T03:06:21Z,VICTORY,FISH MARKET,SIEGE,9:03,ID 251247626,57,1,blue,"2,518",21732,55299,7,1,14,W Saryuh,102,NA,11
2018-06-24T03:06:21Z,VICTORY,FISH MARKET,SIEGE,9:03,ID 251247626,57,2,blue,"2,246",13837,35775,3,4,19,rampje,56,NA,10
2018-06-24T03:06:21Z,VICTORY,FISH MARKET,SIEGE,9:03,ID 251247626,57,3,blue,"2,211",24472,NA,12,6,5,W,32,NA,NA
2018-06-24T03:06:21Z,VICTORY,FISH MARKET,SIEGE,9:03,ID 251247626,57,4,blue,"2,785",36729,NA,4,1,18,W OceanLaboratory,259,"19,206",22
2018-06-24T03:06:21Z,VICTORY,FISH MARKET,SIEGE,9:03,ID 251247626,57,5,red,"1,289",25669,NA,1,6,4,TorbjornTank,NA,NA,NA
2018-06-24T03:06:21Z,VICTORY,FISH MARKET,SIEGE,9:03,ID 251247626,57,6,red,"1,649",32758,NA,4,1,1,Brunlo,15,NA,NA
2018-06-24T03:06:21Z,VICTORY,FISH MARKET,SIEGE,9:03,ID 251247626,57,7,red,"1,250",37889,NA,3,8,2,SithLordMachado,NA,NA,NA
2018-06-24T03:06:21Z,VICTORY,FISH MARKET,SIEGE,9:03,ID 251247626,57,8,red,"1,701",31018,23749,5,9,3,SigmaSnail,11,"4,642",NA
2018-06-24T03:06:21Z,VICTORY,FISH MARKET,SIEGE,9:03,ID 251247626,57,9,red,"1,732",335521,NA,1,7,3,KoO0000oL,67,"69,658",NA
2018-06-24T03:16:07Z,DEFEAT,TRADE DISTRICT,DEATHMATCH,7:59,ID 251249306,58,0,blue,"3,695",50216,NA,14,6,9,Rhenzx,NA,NA,12
2018-06-24T03:16:07Z,DEFEAT,TRADE DISTRICT,DEATHMATCH,7:59,ID 251249306,58,1,blue,"3,351",26802,NA,1,9,3,W Saryuh,NA,NA,NA
2018-06-24T03:16:07Z,DEFEAT,TRADE DISTRICT,DEATHMATCH,7:59,ID 251249306,58,2,blue,"3,245",11689,28265,3,5,17,rampje,NA,NA,NA
2018-06-24T03:16:07Z,DEFEAT,TRADE DISTRICT,DEATHMATCH,7:59,ID 251249306,58,3,blue,"3,090",34458,NA,5,14,8,FreshHook,NA,NA,NA
2018-06-24T03:16:07Z,DEFEAT,TRADE DISTRICT,DEATHMATCH,7:59,ID 251249306,58,4,blue,"3,010",18838,19668,4,6,8,W OceanLaboratory,NA,NA,NA
2018-06-24T03:16:07Z,DEFEAT,TRADE DISTRICT,DEATHMATCH,7:59,ID 251249306,58,5,red,3408,35786,NA,1,8,7,Shiranui39,NA,NA,NA
2018-06-24T03:16:07Z,DEFEAT,TRADE DISTRICT,DEATHMATCH,7:59,ID 251249306,58,6,red,"3,570",49372,NA,NA,6,NA,RaniaS,NA,NA,NA
2018-06-24T03:16:07Z,DEFEAT,TRADE DISTRICT,DEATHMATCH,7:59,ID 251249306,58,7,red,"2,770",11603,NA,3,8,5,gen tai006,NA,NA,NA
2018-06-24T03:16:07Z,DEFEAT,TRADE DISTRICT,DEATHMATCH,7:59,ID 251249306,58,8,red,"3,335",NA,NA,10,1,7,CaptainJayson,NA,NA,NA
2018-06-24T03:16:07Z,DEFEAT,TRADE DISTRICT,DEATHMATCH,7:59,ID 251249306,58,9,red,"3,255",31507,26031,5,5,13,RagequitJackson,NA,NA,NA
2018-06-24T03:28:54Z,DEFEAT,ASCENSION PEAK,siEGE,10:59,ID 251250823,59,0,blue,"2,031",23893,30834,1,12,8,'W OceanLaboratory,NA,NA,NA
2018-06-24T03:28:54Z,DEFEAT,ASCENSION PEAK,siEGE,10:59,ID 251250823,59,1,blue,"2,092",24612,49485,2,8,9,rampje,45,NA,NA
2018-06-24T03:28:54Z,DEFEAT,ASCENSION PEAK,siEGE,10:59,ID 251250823,59,2,blue,"2,823",78071,NA,13,9,3,Rhenzx,59,NA,NA
2018-06-24T03:28:54Z,DEFEAT,ASCENSION PEAK,siEGE,10:59,ID 251250823,59,3,blue,"1,561",23206,NA,3,5,2,MeerkatFromHell,29,NA,NA
2018-06-24T03:28:54Z,DEFEAT,ASCENSION PEAK,siEGE,10:59,ID 251250823,59,4,blue,1492,32040,NA,0,8,1,Martinoxer,190,"85,787",NA
2018-06-24T03:28:54Z,DEFEAT,ASCENSION PEAK,siEGE,10:59,ID 251250823,59,5,red,3487,59818,NA,10,2,18,@ rNnnN,327,"8,322",16
2018-06-24T03:28:54Z,DEFEAT,ASCENSION PEAK,siEGE,10:59,ID 251250823,59,6,red,2459,54998,NA,1,4,8,FilthyCaszual,NA,NA,NA
2018-06-24T03:28:54Z,DEFEAT,ASCENSION PEAK,siEGE,10:59,ID 251250823,59,7,red,"2,688",24397,86336,3,4,11,CaptinNeckBeard,52,NA,NA
2018-06-24T03:28:54Z,DEFEAT,ASCENSION PEAK,siEGE,10:59,ID 251250823,59,8,red,"2,893",53897,NA,9,7,10,'W Bcithasar,133,NA,NA
2018-06-24T03:28:54Z,DEFEAT,ASCENSION PEAK,siEGE,10:59,ID 251250823,59,9,red,"2,829",51035,NA,9,2,15,'W xXpizzapastaXx,103,NA,21
2018-06-24T03:42:01Z,VICTORY,FOREMAN'S RISE,DEATHMATCH,9:23,ID 251253040,60,0,blue,"4,660",82715,NA,22,5,9,LokiScript,110,NA,11
2018-06-24T03:42:01Z,VICTORY,FOREMAN'S RISE,DEATHMATCH,9:23,ID 251253040,60,1,blue,"4,332",29950,42697,8,5,18,W OceanLaboratory,148,NA,NA
2018-06-24T03:42:01Z,VICTORY,FOREMAN'S RISE,DEATHMATCH,9:23,ID 251253040,60,2,blue,"4,745",64384,NA,1,2,15,TKTKORZ,260,"7,413",13
2018-06-24T03:42:01Z,VICTORY,FOREMAN'S RISE,DEATHMATCH,9:23,ID 251253040,60,3,blue,"3,709",18723,50560,1,8,17,rampje,101,NA,NA
2018-06-24T03:42:01Z,VICTORY,FOREMAN'S RISE,DEATHMATCH,9:23,ID 251253040,60,4,blue,"4,18",54368,NA,9,6,13,Rhenzx,127,NA,NA
2018-06-24T03:42:01Z,VICTORY,FOREMAN'S RISE,DEATHMATCH,9:23,ID 251253040,60,5,red,"4,609",55085,NA,1,12,7,'W ParkerwayDrive,57,NA,NA
2018-06-24T03:42:01Z,VICTORY,FOREMAN'S RISE,DEATHMATCH,9:23,ID 251253040,60,6,red,"3,910",42465,NA,7,1,6,'W airBattle,95,NA,NA
2018-06-24T03:42:01Z,VICTORY,FOREMAN'S RISE,DEATHMATCH,9:23,ID 251253040,60,7,red,"1,636",19841,NA,4,13,1,W Jokalan,89,NA,NA
2018-06-24T03:42:01Z,VICTORY,FOREMAN'S RISE,DEATHMATCH,9:23,ID 251253040,60,8,red,3.742,36992,62413,1,8,1,'W DumpinDonuts,48,"15,767",NA
2018-06-24T03:42:01Z,VICTORY,FOREMAN'S RISE,DEATHMATCH,9:23,ID 251253040,60,9,red,"4,318",42766,NA,3,7,7,Hellmize,187,"46,945",NA
2018-06-24T03:55:49Z,DEFEAT,FOREMAN'S RISE,DEATHMATCH,9:53,ID 251255068,61,0,blue,"4,628",33555,NA,6,8,3,rampje,212,"57,245",NA
2018-06-24T03:55:49Z,DEFEAT,FOREMAN'S RISE,DEATHMATCH,9:53,ID 251255068,61,1,blue,"4,581",49336,NA,13,10,5,W ParkerwayDrive,94,NA,NA
2018-06-24T03:55:49Z,DEFEAT,FOREMAN'S RISE,DEATHMATCH,9:53,ID 251255068,61,2,blue,"4,149",6058,74263,0,9,10,W OceanLaboratory,121,NA,NA
2018-06-24T03:55:49Z,DEFEAT,FOREMAN'S RISE,DEATHMATCH,9:53,ID 251255068,61,3,blue,"4,320",55720,NA,10,9,8,Rhenzx,B5,NA,NA
2018-06-24T03:55:49Z,DEFEAT,FOREMAN'S RISE,DEATHMATCH,9:53,ID 251255068,61,4,blue,"4,375",51138,NA,7,13,NA,ElZero123,130,NA,NA
2018-06-24T03:55:49Z,DEFEAT,FOREMAN'S RISE,DEATHMATCH,9:53,ID 251255068,61,5,red,"4,738",49232,NA,4,3,18,TKTKORZ,247,"15,755",10
2018-06-24T03:55:49Z,DEFEAT,FOREMAN'S RISE,DEATHMATCH,9:53,ID 251255068,61,6,red,"4,923",88911,NA,22,6,10,LokiScript,87,NA,12
2018-06-24T03:55:49Z,DEFEAT,FOREMAN'S RISE,DEATHMATCH,9:53,ID 251255068,61,7,red,"4,168",53764,NA,12,8,10,Imsorryz,78,NA,NA
2018-06-24T03:55:49Z,DEFEAT,FOREMAN'S RISE,DEATHMATCH,9:53,ID 251255068,61,8,red,"4,h24",42183,48213,9,9,11,BattleBectie,101,NA,NA
2018-06-24T03:55:49Z,DEFEAT,FOREMAN'S RISE,DEATHMATCH,9:53,ID 251255068,61,9,red,"3,607",18454,21204,2,10,12,iBehind,83,NA,NA
2018-06-24T04:10:02Z,DEFEAT,BRIGHTMARSH,SIEGE,944,ID 251257365,62,0,blue,1.831,34216,NA,4,7,6,'W OceanLaboratory,93,"28,202",NA
2018-06-24T04:10:02Z,DEFEAT,BRIGHTMARSH,SIEGE,944,ID 251257365,62,1,blue,"2,012",52043,NA,8,7,9,jtoman,1,NA,NA
2018-06-24T04:10:02Z,DEFEAT,BRIGHTMARSH,SIEGE,944,ID 251257365,62,2,blue,"1,320",17668,NA,2,14,5,Dongzhou,10,NA,NA
2018-06-24T04:10:02Z,DEFEAT,BRIGHTMARSH,SIEGE,944,ID 251257365,62,3,blue,1472,11046,28006,4,1,7,rampje,13,NA,NA
2018-06-24T04:10:02Z,DEFEAT,BRIGHTMARSH,SIEGE,944,ID 251257365,62,4,blue,1743,25415,NA,5,13,7,Rhenzx,16,NA,NA
2018-06-24T04:10:02Z,DEFEAT,BRIGHTMARSH,SIEGE,944,ID 251257365,62,5,red,"2,399",15962,32751,1,3,15,Jalzin3,143,NA,10
2018-06-24T04:10:02Z,DEFEAT,BRIGHTMARSH,SIEGE,944,ID 251257365,62,6,red,"2,689",47090,NA,16,7,7,SinPiM66,22,NA,NA
2018-06-24T04:10:02Z,DEFEAT,BRIGHTMARSH,SIEGE,944,ID 251257365,62,7,red,"2,927",82373,NA,17,0,8,HeatMyJustice,31,NA,25
2018-06-24T04:10:02Z,DEFEAT,BRIGHTMARSH,SIEGE,944,ID 251257365,62,8,red,"2,520",32349,NA,13,6,12,Opiomorph,17,NA,12
2018-06-24T04:10:02Z,DEFEAT,BRIGHTMARSH,SIEGE,944,ID 251257365,62,9,red,2.433,16339,NA,5,6,4,DivineSaber,224,NA,NA
2018-06-24T04:22:17Z,VICTORY,FOREMAN'S RISE,DEATHMATCH,9:52,ID 251259274,63,0,blue,"4,768",38684,NA,4,4,15,'W OceanLaboratory,282,"21,150",10
2018-06-24T04:22:17Z,VICTORY,FOREMAN'S RISE,DEATHMATCH,9:52,ID 251259274,63,1,blue,"4,251",51735,NA,13,6,10,Rhenzx,109,NA,NA
2018-06-24T04:22:17Z,VICTORY,FOREMAN'S RISE,DEATHMATCH,9:52,ID 251259274,63,2,blue,"4,032",14613,60005,1,5,20,jabolde14,63,NA,NA
2018-06-24T04:22:17Z,VICTORY,FOREMAN'S RISE,DEATHMATCH,9:52,ID 251259274,63,3,blue,"4,145",52982,NA,14,1,38,"&

W Sebasse!",15,NA,NA
2018-06-24T04:22:17Z,VICTORY,FOREMAN'S RISE,DEATHMATCH,9:52,ID 251259274,63,4,blue,"4,296",50986,NA,1,8,8,rampje,89,NA,NA
2018-06-24T04:22:17Z,VICTORY,FOREMAN'S RISE,DEATHMATCH,9:52,ID 251259274,63,5,red,"4,847",30605,69893,4,7,17,TKTKORZ,153,NA,NA
2018-06-24T04:22:17Z,VICTORY,FOREMAN'S RISE,DEATHMATCH,9:52,ID 251259274,63,6,red,4.469,60881,NA,12,8,5,LokiScript,101,NA,NA
2018-06-24T04:22:17Z,VICTORY,FOREMAN'S RISE,DEATHMATCH,9:52,ID 251259274,63,7,red,"3,883",31274,NA,5,8,3,W izzyvanity,120,NA,NA
2018-06-24T04:22:17Z,VICTORY,FOREMAN'S RISE,DEATHMATCH,9:52,ID 251259274,63,8,red,"4,018",29165,NA,5,12,7,'W Kneebones,96,NA,NA
2018-06-24T04:22:17Z,VICTORY,FOREMAN'S RISE,DEATHMATCH,9:52,ID 251259274,63,9,red,"3,949",37107,NA,NA,NA,6,'W qahnaariinze,46,NA,NA
2018-06-24T04:41:19Z,DEFEAT,SERPENT BEACH,SIEGE,17:26,ID 251261253,64,0,blue,"3,330",77564,NA,13,14,12,Rhenzx,18,NA,NA
2018-06-24T04:41:19Z,DEFEAT,SERPENT BEACH,SIEGE,17:26,ID 251261253,64,1,blue,"2,669",53598,NA,NA,NA,9,LnWx2007,NA,NA,NA
2018-06-24T04:41:19Z,DEFEAT,SERPENT BEACH,SIEGE,17:26,ID 251261253,64,2,blue,"2,792",21052,NA,4,16,6,rampje,86,"86,480",NA
2018-06-24T04:41:19Z,DEFEAT,SERPENT BEACH,SIEGE,17:26,ID 251261253,64,3,blue,"3,306",20628,78601,NA,1,16,W OceanLaboratory,33,NA,NA
2018-06-24T04:41:19Z,DEFEAT,SERPENT BEACH,SIEGE,17:26,ID 251261253,64,4,blue,804,29499,NA,2,20,3,morffy2244,NA,NA,NA
2018-06-24T04:41:19Z,DEFEAT,SERPENT BEACH,SIEGE,17:26,ID 251261253,64,5,red,"3,525",62245,18693,12,4,19,vendettalife,53,NA,12
2018-06-24T04:41:19Z,DEFEAT,SERPENT BEACH,SIEGE,17:26,ID 251261253,64,6,red,"4,014",101525,NA,1,7,24,NoSRIO,90,"9,644",NA
2018-06-24T04:41:19Z,DEFEAT,SERPENT BEACH,SIEGE,17:26,ID 251261253,64,7,red,"3,783",63801,NA,15,1,16,GlenHenryVill,154,NA,NA
2018-06-24T04:41:19Z,DEFEAT,SERPENT BEACH,SIEGE,17:26,ID 251261253,64,8,red,"3,627",62532,NA,15,6,13,Shaqnificent,36,NA,12
2018-06-24T04:41:19Z,DEFEAT,SERPENT BEACH,SIEGE,17:26,ID 251261253,64,9,red,"3,262",45941,NA,14,7,4,DragonGod2017,15,NA,NA
